<?xml version="1.0" encoding="UTF-8" standalone="no"?>

<!-- Copyright (C) 2019, Xilinx Inc - All rights reserved
 Licensed under the Apache License, Version 2.0 (the "License"). You may
 not use this file except in compliance with the License. A copy of the
 License is located at
     http://www.apache.org/licenses/LICENSE-2.0
 Unless required by applicable law or agreed to in writing, software
 distributed under the License is distributed on an "AS IS" BASIS, WITHOUT
 WARRANTIES OR CONDITIONS OF ANY KIND, either express or implied. See the
 License for the specific language governing permissions and limitations
 under the License. -->

<board schema_version="2.2" vendor="xilinx.com" name="kr260_som" display_name="Kria KR260 Robotics Starter Kit" url="www.xilinx.com" preset_file="preset.xml" supports_ced="false">

<images>
    <image name="kr260_board.PNG" display_name="Kria KR260 Robotics Starter Kit" sub_type="board">
      <description>Kria KR260 Robotics Starter Kit</description>
    </image>
</images>
  
  <compatible_board_revisions>
	<revision id="0">Rev_B01</revision>
  </compatible_board_revisions>
  
  <file_version>1.0</file_version>
  
  <description>Kria KR260 Robotics Starter Kit</description>
  
  <parameters>
    <parameter name="heat_sink_type" value="medium" value_type="string"/>
    <parameter name="heat_sink_temperature" value_type="range" value_min="20.0" value_max="30.0"/>
  </parameters>
  
  <jumpers>
  </jumpers>
  
<components>

	<component name="som240_1_connector" type="connector" sub_type="som" display_name="Connector 1 on K26 SOM (SOM240_1)">
		<pins>
			<pin index="1"  name="som240_1_a1" ></pin> 
			<pin index="2"  name="som240_1_a2" ></pin> 
			<pin index="3"  name="som240_1_a3" ></pin> 
			<pin index="4"  name="som240_1_a4" ></pin> 
			<pin index="5"  name="som240_1_a5" ></pin> 
			<pin index="6"  name="som240_1_a6" ></pin> 
			<pin index="7"  name="som240_1_a7" ></pin> 
			<pin index="8"  name="som240_1_a8" ></pin> 
			<pin index="9"  name="som240_1_a9" ></pin> 
			<pin index="10" name="som240_1_a10" ></pin> 
			<pin index="11" name="som240_1_a11" ></pin> 
			<pin index="12" name="som240_1_a12" ></pin> 
			<pin index="13" name="som240_1_a13" ></pin> 
			<pin index="14" name="som240_1_a14" ></pin> 
			<pin index="15" name="som240_1_a15" ></pin> 
			<pin index="16" name="som240_1_a16" ></pin> 
			<pin index="17" name="som240_1_a17" ></pin> 
			<pin index="18" name="som240_1_a18" ></pin> 
			<pin index="19" name="som240_1_a19" ></pin> 
			<pin index="20" name="som240_1_a20" ></pin> 
			<pin index="21" name="som240_1_a21" ></pin> 
			<pin index="22" name="som240_1_a22" ></pin> 
			<pin index="23" name="som240_1_a23" ></pin> 
			<pin index="24" name="som240_1_a24" ></pin> 
			<pin index="25" name="som240_1_a25" ></pin> 
			<pin index="26" name="som240_1_a26" ></pin> 
			<pin index="27" name="som240_1_a27" ></pin> 
			<pin index="28" name="som240_1_a28" ></pin> 
			<pin index="29" name="som240_1_a29" ></pin> 
			<pin index="30" name="som240_1_a30" ></pin> 
			<pin index="31" name="som240_1_a31" ></pin> 
			<pin index="32" name="som240_1_a32" ></pin> 
			<pin index="33" name="som240_1_a33" ></pin> 
			<pin index="34" name="som240_1_a34" ></pin> 
			<pin index="35" name="som240_1_a35" ></pin> 
			<pin index="36" name="som240_1_a36" ></pin> 
			<pin index="37" name="som240_1_a37" ></pin> 
			<pin index="38" name="som240_1_a38" ></pin> 
			<pin index="39" name="som240_1_a39" ></pin> 
			<pin index="40" name="som240_1_a40" ></pin> 
			<pin index="41" name="som240_1_a41" ></pin> 
			<pin index="42" name="som240_1_a42" ></pin> 
			<pin index="43" name="som240_1_a43" ></pin> 
			<pin index="44" name="som240_1_a44" ></pin> 
			<pin index="45" name="som240_1_a45" ></pin> 
			<pin index="46" name="som240_1_a46" ></pin> 
			<pin index="47" name="som240_1_a47" ></pin> 
			<pin index="48" name="som240_1_a48" ></pin> 
			<pin index="49" name="som240_1_a49" ></pin> 
			<pin index="50" name="som240_1_a50" ></pin> 
			<pin index="51" name="som240_1_a51" ></pin> 
			<pin index="52" name="som240_1_a52" ></pin> 
			<pin index="53" name="som240_1_a53" ></pin> 
			<pin index="54" name="som240_1_a54" ></pin> 
			<pin index="55" name="som240_1_a55" ></pin> 
			<pin index="56" name="som240_1_a56" ></pin> 
			<pin index="57" name="som240_1_a57" ></pin> 
			<pin index="58" name="som240_1_a58" ></pin> 
			<pin index="59" name="som240_1_a59" ></pin> 
			<pin index="60" name="som240_1_a60" ></pin> 
			
			<pin index="61"  name="som240_1_b1" ></pin> 
			<pin index="62"  name="som240_1_b2" ></pin> 
			<pin index="63"  name="som240_1_b3" ></pin> 
			<pin index="64"  name="som240_1_b4" ></pin> 
			<pin index="65"  name="som240_1_b5" ></pin> 
			<pin index="66"  name="som240_1_b6" ></pin> 
			<pin index="67"  name="som240_1_b7" ></pin> 
			<pin index="68"  name="som240_1_b8" ></pin> 
			<pin index="69"  name="som240_1_b9" ></pin> 
			<pin index="70"  name="som240_1_b10" ></pin> 
			<pin index="71"  name="som240_1_b11" ></pin> 
			<pin index="72"  name="som240_1_b12" ></pin> 
			<pin index="73"  name="som240_1_b13" ></pin> 
			<pin index="74"  name="som240_1_b14" ></pin> 
			<pin index="75"  name="som240_1_b15" ></pin> 
			<pin index="76"  name="som240_1_b16" ></pin> 
			<pin index="77"  name="som240_1_b17" ></pin> 
			<pin index="78"  name="som240_1_b18" ></pin> 
			<pin index="79"  name="som240_1_b19" ></pin> 
			<pin index="80"  name="som240_1_b20" ></pin> 
			<pin index="81"  name="som240_1_b21" ></pin> 
			<pin index="82"  name="som240_1_b22" ></pin> 
			<pin index="83"  name="som240_1_b23" ></pin> 
			<pin index="84"  name="som240_1_b24" ></pin> 
			<pin index="85"  name="som240_1_b25" ></pin> 
			<pin index="86"  name="som240_1_b26" ></pin> 
			<pin index="87"  name="som240_1_b27" ></pin> 
			<pin index="88"  name="som240_1_b28" ></pin> 
			<pin index="89"  name="som240_1_b29" ></pin> 
			<pin index="90"  name="som240_1_b30" ></pin> 
			<pin index="91"  name="som240_1_b31" ></pin> 
			<pin index="92"  name="som240_1_b32" ></pin> 
			<pin index="93"  name="som240_1_b33" ></pin> 
			<pin index="94"  name="som240_1_b34" ></pin> 
			<pin index="95"  name="som240_1_b35" ></pin> 
			<pin index="96"  name="som240_1_b36" ></pin> 
			<pin index="97"  name="som240_1_b37" ></pin> 
			<pin index="98"  name="som240_1_b38" ></pin> 
			<pin index="99"  name="som240_1_b39" ></pin> 
			<pin index="100" name="som240_1_b40" ></pin> 
			<pin index="101" name="som240_1_b41" ></pin> 
			<pin index="102" name="som240_1_b42" ></pin> 
			<pin index="103" name="som240_1_b43" ></pin> 
			<pin index="104" name="som240_1_b44" ></pin> 
			<pin index="105" name="som240_1_b45" ></pin> 
			<pin index="106" name="som240_1_b46" ></pin> 
			<pin index="107" name="som240_1_b47" ></pin> 
			<pin index="108" name="som240_1_b48" ></pin> 
			<pin index="109" name="som240_1_b49" ></pin> 
			<pin index="110" name="som240_1_b50" ></pin> 
			<pin index="111" name="som240_1_b51" ></pin> 
			<pin index="112" name="som240_1_b52" ></pin> 
			<pin index="113" name="som240_1_b53" ></pin> 
			<pin index="114" name="som240_1_b54" ></pin> 
			<pin index="115" name="som240_1_b55" ></pin> 
			<pin index="116" name="som240_1_b56" ></pin> 
			<pin index="117" name="som240_1_b57" ></pin> 
			<pin index="118" name="som240_1_b58" ></pin> 
			<pin index="119" name="som240_1_b59" ></pin> 
			<pin index="120" name="som240_1_b60" ></pin> 
			
			<pin index="121" name="som240_1_c1" ></pin> 
			<pin index="122" name="som240_1_c2" ></pin> 
			<pin index="123" name="som240_1_c3" ></pin> 
			<pin index="124" name="som240_1_c4" ></pin> 
			<pin index="125" name="som240_1_c5" ></pin> 
			<pin index="126" name="som240_1_c6" ></pin> 
			<pin index="127" name="som240_1_c7" ></pin> 
			<pin index="128" name="som240_1_c8" ></pin> 
			<pin index="129" name="som240_1_c9" ></pin> 
			<pin index="130" name="som240_1_c10" ></pin> 
			<pin index="131" name="som240_1_c11" ></pin> 
			<pin index="132" name="som240_1_c12" ></pin> 
			<pin index="133" name="som240_1_c13" ></pin> 
			<pin index="134" name="som240_1_c14" ></pin> 
			<pin index="135" name="som240_1_c15" ></pin> 
			<pin index="136" name="som240_1_c16" ></pin> 
			<pin index="137" name="som240_1_c17" ></pin> 
			<pin index="138" name="som240_1_c18" ></pin> 
			<pin index="139" name="som240_1_c19" ></pin> 
			<pin index="140" name="som240_1_c20" ></pin> 
			<pin index="141" name="som240_1_c21" ></pin> 
			<pin index="142" name="som240_1_c22" ></pin> 
			<pin index="143" name="som240_1_c23" ></pin> 
			<pin index="144" name="som240_1_c24" ></pin> 
			<pin index="145" name="som240_1_c25" ></pin> 
			<pin index="146" name="som240_1_c26" ></pin> 
			<pin index="147" name="som240_1_c27" ></pin> 
			<pin index="148" name="som240_1_c28" ></pin> 
			<pin index="149" name="som240_1_c29" ></pin> 
			<pin index="150" name="som240_1_c30" ></pin> 
			<pin index="151" name="som240_1_c31" ></pin> 
			<pin index="152" name="som240_1_c32" ></pin> 
			<pin index="153" name="som240_1_c33" ></pin> 
			<pin index="154" name="som240_1_c34" ></pin> 
			<pin index="155" name="som240_1_c35" ></pin> 
			<pin index="156" name="som240_1_c36" ></pin> 
			<pin index="157" name="som240_1_c37" ></pin> 
			<pin index="158" name="som240_1_c38" ></pin> 
			<pin index="159" name="som240_1_c39" ></pin> 
			<pin index="160" name="som240_1_c40" ></pin> 
			<pin index="161" name="som240_1_c41" ></pin> 
			<pin index="162" name="som240_1_c42" ></pin> 
			<pin index="163" name="som240_1_c43" ></pin> 
			<pin index="164" name="som240_1_c44" ></pin> 
			<pin index="165" name="som240_1_c45" ></pin> 
			<pin index="166" name="som240_1_c46" ></pin> 
			<pin index="167" name="som240_1_c47" ></pin> 
			<pin index="168" name="som240_1_c48" ></pin> 
			<pin index="169" name="som240_1_c49" ></pin> 
			<pin index="170" name="som240_1_c50" ></pin> 
			<pin index="171" name="som240_1_c51" ></pin> 
			<pin index="172" name="som240_1_c52" ></pin> 
			<pin index="173" name="som240_1_c53" ></pin> 
			<pin index="174" name="som240_1_c54" ></pin> 
			<pin index="175" name="som240_1_c55" ></pin> 
			<pin index="176" name="som240_1_c56" ></pin> 
			<pin index="177" name="som240_1_c57" ></pin> 
			<pin index="178" name="som240_1_c58" ></pin> 
			<pin index="179" name="som240_1_c59" ></pin> 
			<pin index="180" name="som240_1_c60" ></pin> 
			
			<pin index="181" name="som240_1_d1" ></pin> 
			<pin index="182" name="som240_1_d2" ></pin> 
			<pin index="183" name="som240_1_d3" ></pin> 
			<pin index="184" name="som240_1_d4" ></pin> 
			<pin index="185" name="som240_1_d5" ></pin> 
			<pin index="186" name="som240_1_d6" ></pin> 
			<pin index="187" name="som240_1_d7" ></pin> 
			<pin index="188" name="som240_1_d8" ></pin> 
			<pin index="189" name="som240_1_d9" ></pin> 
			<pin index="190" name="som240_1_d10" ></pin> 
			<pin index="191" name="som240_1_d11" ></pin> 
			<pin index="192" name="som240_1_d12" ></pin> 
			<pin index="193" name="som240_1_d13" ></pin> 
			<pin index="194" name="som240_1_d14" ></pin> 
			<pin index="195" name="som240_1_d15" ></pin> 
			<pin index="196" name="som240_1_d16" ></pin> 
			<pin index="197" name="som240_1_d17" ></pin> 
			<pin index="198" name="som240_1_d18" ></pin> 
			<pin index="199" name="som240_1_d19" ></pin> 
			<pin index="200" name="som240_1_d20" ></pin> 
			<pin index="201" name="som240_1_d21" ></pin> 
			<pin index="202" name="som240_1_d22" ></pin> 
			<pin index="203" name="som240_1_d23" ></pin> 
			<pin index="204" name="som240_1_d24" ></pin> 
			<pin index="205" name="som240_1_d25" ></pin> 
			<pin index="206" name="som240_1_d26" ></pin> 
			<pin index="207" name="som240_1_d27" ></pin> 
			<pin index="208" name="som240_1_d28" ></pin> 
			<pin index="209" name="som240_1_d29" ></pin> 
			<pin index="210" name="som240_1_d30" ></pin> 
			<pin index="211" name="som240_1_d31" ></pin> 
			<pin index="212" name="som240_1_d32" ></pin> 
			<pin index="213" name="som240_1_d33" ></pin> 
			<pin index="214" name="som240_1_d34" ></pin> 
			<pin index="215" name="som240_1_d35" ></pin> 
			<pin index="216" name="som240_1_d36" ></pin> 
			<pin index="217" name="som240_1_d37" ></pin> 
			<pin index="218" name="som240_1_d38" ></pin> 
			<pin index="219" name="som240_1_d39" ></pin> 
			<pin index="220" name="som240_1_d40" ></pin> 
			<pin index="221" name="som240_1_d41" ></pin> 
			<pin index="222" name="som240_1_d42" ></pin> 
			<pin index="223" name="som240_1_d43" ></pin> 
			<pin index="224" name="som240_1_d44" ></pin> 
			<pin index="225" name="som240_1_d45" ></pin> 
			<pin index="226" name="som240_1_d46" ></pin> 
			<pin index="227" name="som240_1_d47" ></pin> 
			<pin index="228" name="som240_1_d48" ></pin> 
			<pin index="229" name="som240_1_d49" ></pin> 
			<pin index="230" name="som240_1_d50" ></pin> 
			<pin index="231" name="som240_1_d51" ></pin> 
			<pin index="232" name="som240_1_d52" ></pin> 
			<pin index="233" name="som240_1_d53" ></pin> 
			<pin index="234" name="som240_1_d54" ></pin> 
			<pin index="235" name="som240_1_d55" ></pin> 
			<pin index="236" name="som240_1_d56" ></pin> 
			<pin index="237" name="som240_1_d57" ></pin> 
			<pin index="238" name="som240_1_d58" ></pin> 
			<pin index="239" name="som240_1_d59" ></pin> 
			<pin index="240" name="som240_1_d60" ></pin> 
		</pins>
	</component>

	<component name="som240_2_connector" type="connector" sub_type="som" display_name="Connector 2 on K26 SOM (SOM240_2)">
		<pins>
			<pin index="1"  name="som240_2_a1" ></pin> 
			<pin index="2"  name="som240_2_a2" ></pin> 
			<pin index="3"  name="som240_2_a3" ></pin> 
			<pin index="4"  name="som240_2_a4" ></pin> 
			<pin index="5"  name="som240_2_a5" ></pin> 
			<pin index="6"  name="som240_2_a6" ></pin> 
			<pin index="7"  name="som240_2_a7" ></pin> 
			<pin index="8"  name="som240_2_a8" ></pin> 
			<pin index="9"  name="som240_2_a9" ></pin> 
			<pin index="10" name="som240_2_a10" ></pin> 
			<pin index="11" name="som240_2_a11" ></pin> 
			<pin index="12" name="som240_2_a12" ></pin> 
			<pin index="13" name="som240_2_a13" ></pin> 
			<pin index="14" name="som240_2_a14" ></pin> 
			<pin index="15" name="som240_2_a15" ></pin> 
			<pin index="16" name="som240_2_a16" ></pin> 
			<pin index="17" name="som240_2_a17" ></pin> 
			<pin index="18" name="som240_2_a18" ></pin> 
			<pin index="19" name="som240_2_a19" ></pin> 
			<pin index="20" name="som240_2_a20" ></pin> 
			<pin index="21" name="som240_2_a21" ></pin> 
			<pin index="22" name="som240_2_a22" ></pin> 
			<pin index="23" name="som240_2_a23" ></pin> 
			<pin index="24" name="som240_2_a24" ></pin> 
			<pin index="25" name="som240_2_a25" ></pin> 
			<pin index="26" name="som240_2_a26" ></pin> 
			<pin index="27" name="som240_2_a27" ></pin> 
			<pin index="28" name="som240_2_a28" ></pin> 
			<pin index="29" name="som240_2_a29" ></pin> 
			<pin index="30" name="som240_2_a30" ></pin> 
			<pin index="31" name="som240_2_a31" ></pin> 
			<pin index="32" name="som240_2_a32" ></pin> 
			<pin index="33" name="som240_2_a33" ></pin> 
			<pin index="34" name="som240_2_a34" ></pin> 
			<pin index="35" name="som240_2_a35" ></pin> 
			<pin index="36" name="som240_2_a36" ></pin> 
			<pin index="37" name="som240_2_a37" ></pin> 
			<pin index="38" name="som240_2_a38" ></pin> 
			<pin index="39" name="som240_2_a39" ></pin> 
			<pin index="40" name="som240_2_a40" ></pin> 
			<pin index="41" name="som240_2_a41" ></pin> 
			<pin index="42" name="som240_2_a42" ></pin> 
			<pin index="43" name="som240_2_a43" ></pin> 
			<pin index="44" name="som240_2_a44" ></pin> 
			<pin index="45" name="som240_2_a45" ></pin> 
			<pin index="46" name="som240_2_a46" ></pin> 
			<pin index="47" name="som240_2_a47" ></pin> 
			<pin index="48" name="som240_2_a48" ></pin> 
			<pin index="49" name="som240_2_a49" ></pin> 
			<pin index="50" name="som240_2_a50" ></pin> 
			<pin index="51" name="som240_2_a51" ></pin> 
			<pin index="52" name="som240_2_a52" ></pin> 
			<pin index="53" name="som240_2_a53" ></pin> 
			<pin index="54" name="som240_2_a54" ></pin> 
			<pin index="55" name="som240_2_a55" ></pin> 
			<pin index="56" name="som240_2_a56" ></pin> 
			<pin index="57" name="som240_2_a57" ></pin> 
			<pin index="58" name="som240_2_a58" ></pin> 
			<pin index="59" name="som240_2_a59" ></pin> 
			<pin index="60" name="som240_2_a60" ></pin> 
			
			<pin index="61"  name="som240_2_b1" ></pin> 
			<pin index="62"  name="som240_2_b2" ></pin> 
			<pin index="63"  name="som240_2_b3" ></pin> 
			<pin index="64"  name="som240_2_b4" ></pin> 
			<pin index="65"  name="som240_2_b5" ></pin> 
			<pin index="66"  name="som240_2_b6" ></pin> 
			<pin index="67"  name="som240_2_b7" ></pin> 
			<pin index="68"  name="som240_2_b8" ></pin> 
			<pin index="69"  name="som240_2_b9" ></pin> 
			<pin index="70"  name="som240_2_b10" ></pin> 
			<pin index="71"  name="som240_2_b11" ></pin> 
			<pin index="72"  name="som240_2_b12" ></pin> 
			<pin index="73"  name="som240_2_b13" ></pin> 
			<pin index="74"  name="som240_2_b14" ></pin> 
			<pin index="75"  name="som240_2_b15" ></pin> 
			<pin index="76"  name="som240_2_b16" ></pin> 
			<pin index="77"  name="som240_2_b17" ></pin> 
			<pin index="78"  name="som240_2_b18" ></pin> 
			<pin index="79"  name="som240_2_b19" ></pin> 
			<pin index="80"  name="som240_2_b20" ></pin> 
			<pin index="81"  name="som240_2_b21" ></pin> 
			<pin index="82"  name="som240_2_b22" ></pin> 
			<pin index="83"  name="som240_2_b23" ></pin> 
			<pin index="84"  name="som240_2_b24" ></pin> 
			<pin index="85"  name="som240_2_b25" ></pin> 
			<pin index="86"  name="som240_2_b26" ></pin> 
			<pin index="87"  name="som240_2_b27" ></pin> 
			<pin index="88"  name="som240_2_b28" ></pin> 
			<pin index="89"  name="som240_2_b29" ></pin> 
			<pin index="90"  name="som240_2_b30" ></pin> 
			<pin index="91"  name="som240_2_b31" ></pin> 
			<pin index="92"  name="som240_2_b32" ></pin> 
			<pin index="93"  name="som240_2_b33" ></pin> 
			<pin index="94"  name="som240_2_b34" ></pin> 
			<pin index="95"  name="som240_2_b35" ></pin> 
			<pin index="96"  name="som240_2_b36" ></pin> 
			<pin index="97"  name="som240_2_b37" ></pin> 
			<pin index="98"  name="som240_2_b38" ></pin> 
			<pin index="99"  name="som240_2_b39" ></pin> 
			<pin index="100" name="som240_2_b40" ></pin> 
			<pin index="101" name="som240_2_b41" ></pin> 
			<pin index="102" name="som240_2_b42" ></pin> 
			<pin index="103" name="som240_2_b43" ></pin> 
			<pin index="104" name="som240_2_b44" ></pin> 
			<pin index="105" name="som240_2_b45" ></pin> 
			<pin index="106" name="som240_2_b46" ></pin> 
			<pin index="107" name="som240_2_b47" ></pin> 
			<pin index="108" name="som240_2_b48" ></pin> 
			<pin index="109" name="som240_2_b49" ></pin> 
			<pin index="110" name="som240_2_b50" ></pin> 
			<pin index="111" name="som240_2_b51" ></pin> 
			<pin index="112" name="som240_2_b52" ></pin> 
			<pin index="113" name="som240_2_b53" ></pin> 
			<pin index="114" name="som240_2_b54" ></pin> 
			<pin index="115" name="som240_2_b55" ></pin> 
			<pin index="116" name="som240_2_b56" ></pin> 
			<pin index="117" name="som240_2_b57" ></pin> 
			<pin index="118" name="som240_2_b58" ></pin> 
			<pin index="119" name="som240_2_b59" ></pin> 
			<pin index="120" name="som240_2_b60" ></pin> 
			
			<pin index="121" name="som240_2_c1" ></pin> 
			<pin index="122" name="som240_2_c2" ></pin> 
			<pin index="123" name="som240_2_c3" ></pin> 
			<pin index="124" name="som240_2_c4" ></pin> 
			<pin index="125" name="som240_2_c5" ></pin> 
			<pin index="126" name="som240_2_c6" ></pin> 
			<pin index="127" name="som240_2_c7" ></pin> 
			<pin index="128" name="som240_2_c8" ></pin> 
			<pin index="129" name="som240_2_c9" ></pin> 
			<pin index="130" name="som240_2_c10" ></pin> 
			<pin index="131" name="som240_2_c11" ></pin> 
			<pin index="132" name="som240_2_c12" ></pin> 
			<pin index="133" name="som240_2_c13" ></pin> 
			<pin index="134" name="som240_2_c14" ></pin> 
			<pin index="135" name="som240_2_c15" ></pin> 
			<pin index="136" name="som240_2_c16" ></pin> 
			<pin index="137" name="som240_2_c17" ></pin> 
			<pin index="138" name="som240_2_c18" ></pin> 
			<pin index="139" name="som240_2_c19" ></pin> 
			<pin index="140" name="som240_2_c20" ></pin> 
			<pin index="141" name="som240_2_c21" ></pin> 
			<pin index="142" name="som240_2_c22" ></pin> 
			<pin index="143" name="som240_2_c23" ></pin> 
			<pin index="144" name="som240_2_c24" ></pin> 
			<pin index="145" name="som240_2_c25" ></pin> 
			<pin index="146" name="som240_2_c26" ></pin> 
			<pin index="147" name="som240_2_c27" ></pin> 
			<pin index="148" name="som240_2_c28" ></pin> 
			<pin index="149" name="som240_2_c29" ></pin> 
			<pin index="150" name="som240_2_c30" ></pin> 
			<pin index="151" name="som240_2_c31" ></pin> 
			<pin index="152" name="som240_2_c32" ></pin> 
			<pin index="153" name="som240_2_c33" ></pin> 
			<pin index="154" name="som240_2_c34" ></pin> 
			<pin index="155" name="som240_2_c35" ></pin> 
			<pin index="156" name="som240_2_c36" ></pin> 
			<pin index="157" name="som240_2_c37" ></pin> 
			<pin index="158" name="som240_2_c38" ></pin> 
			<pin index="159" name="som240_2_c39" ></pin> 
			<pin index="160" name="som240_2_c40" ></pin> 
			<pin index="161" name="som240_2_c41" ></pin> 
			<pin index="162" name="som240_2_c42" ></pin> 
			<pin index="163" name="som240_2_c43" ></pin> 
			<pin index="164" name="som240_2_c44" ></pin> 
			<pin index="165" name="som240_2_c45" ></pin> 
			<pin index="166" name="som240_2_c46" ></pin> 
			<pin index="167" name="som240_2_c47" ></pin> 
			<pin index="168" name="som240_2_c48" ></pin> 
			<pin index="169" name="som240_2_c49" ></pin> 
			<pin index="170" name="som240_2_c50" ></pin> 
			<pin index="171" name="som240_2_c51" ></pin> 
			<pin index="172" name="som240_2_c52" ></pin> 
			<pin index="173" name="som240_2_c53" ></pin> 
			<pin index="174" name="som240_2_c54" ></pin> 
			<pin index="175" name="som240_2_c55" ></pin> 
			<pin index="176" name="som240_2_c56" ></pin> 
			<pin index="177" name="som240_2_c57" ></pin> 
			<pin index="178" name="som240_2_c58" ></pin> 
			<pin index="179" name="som240_2_c59" ></pin> 
			<pin index="180" name="som240_2_c60" ></pin> 
			
			<pin index="181" name="som240_2_d1" ></pin> 
			<pin index="182" name="som240_2_d2" ></pin> 
			<pin index="183" name="som240_2_d3" ></pin> 
			<pin index="184" name="som240_2_d4" ></pin> 
			<pin index="185" name="som240_2_d5" ></pin> 
			<pin index="186" name="som240_2_d6" ></pin> 
			<pin index="187" name="som240_2_d7" ></pin> 
			<pin index="188" name="som240_2_d8" ></pin> 
			<pin index="189" name="som240_2_d9" ></pin> 
			<pin index="190" name="som240_2_d10" ></pin> 
			<pin index="191" name="som240_2_d11" ></pin> 
			<pin index="192" name="som240_2_d12" ></pin> 
			<pin index="193" name="som240_2_d13" ></pin> 
			<pin index="194" name="som240_2_d14" ></pin> 
			<pin index="195" name="som240_2_d15" ></pin> 
			<pin index="196" name="som240_2_d16" ></pin> 
			<pin index="197" name="som240_2_d17" ></pin> 
			<pin index="198" name="som240_2_d18" ></pin> 
			<pin index="199" name="som240_2_d19" ></pin> 
			<pin index="200" name="som240_2_d20" ></pin> 
			<pin index="201" name="som240_2_d21" ></pin> 
			<pin index="202" name="som240_2_d22" ></pin> 
			<pin index="203" name="som240_2_d23" ></pin> 
			<pin index="204" name="som240_2_d24" ></pin> 
			<pin index="205" name="som240_2_d25" ></pin> 
			<pin index="206" name="som240_2_d26" ></pin> 
			<pin index="207" name="som240_2_d27" ></pin> 
			<pin index="208" name="som240_2_d28" ></pin> 
			<pin index="209" name="som240_2_d29" ></pin> 
			<pin index="210" name="som240_2_d30" ></pin> 
			<pin index="211" name="som240_2_d31" ></pin> 
			<pin index="212" name="som240_2_d32" ></pin> 
			<pin index="213" name="som240_2_d33" ></pin> 
			<pin index="214" name="som240_2_d34" ></pin> 
			<pin index="215" name="som240_2_d35" ></pin> 
			<pin index="216" name="som240_2_d36" ></pin> 
			<pin index="217" name="som240_2_d37" ></pin> 
			<pin index="218" name="som240_2_d38" ></pin> 
			<pin index="219" name="som240_2_d39" ></pin> 
			<pin index="220" name="som240_2_d40" ></pin> 
			<pin index="221" name="som240_2_d41" ></pin> 
			<pin index="222" name="som240_2_d42" ></pin> 
			<pin index="223" name="som240_2_d43" ></pin> 
			<pin index="224" name="som240_2_d44" ></pin> 
			<pin index="225" name="som240_2_d45" ></pin> 
			<pin index="226" name="som240_2_d46" ></pin> 
			<pin index="227" name="som240_2_d47" ></pin> 
			<pin index="228" name="som240_2_d48" ></pin> 
			<pin index="229" name="som240_2_d49" ></pin> 
			<pin index="230" name="som240_2_d50" ></pin> 
			<pin index="231" name="som240_2_d51" ></pin> 
			<pin index="232" name="som240_2_d52" ></pin> 
			<pin index="233" name="som240_2_d53" ></pin> 
			<pin index="234" name="som240_2_d54" ></pin> 
			<pin index="235" name="som240_2_d55" ></pin> 
			<pin index="236" name="som240_2_d56" ></pin> 
			<pin index="237" name="som240_2_d57" ></pin> 
			<pin index="238" name="som240_2_d58" ></pin> 
			<pin index="239" name="som240_2_d59" ></pin> 
			<pin index="240" name="som240_2_d60" ></pin> 
		</pins>
	</component>

    <component name="part0" display_name="ROBOTICS SOM Evaluation Platform" type="fpga" part_name="xck26-sfvc784-2LV-c" pin_map_file="part0_pins.xml" vendor="xilinx" spec_url="www.xilinx.com">
      <description>FPGA part on the board</description>
	  
      <interfaces>      
	    <interface mode="master" name="ps8_fixedio" type="xilinx.com:zynq_ultra_ps_e:fixedio_rtl:1.0" of_component="ps8_fixedio" preset_proc="mpsoc_preset_vsom"> 
          <preferred_ips>
            <preferred_ip vendor="xilinx.com" library="ip" name="zynq_ultra_ps_e" order="0"/>
          </preferred_ips>
        </interface>	
      </interfaces>		
  
    </component>
   
	<component name="ps8_fixedio" display_name="MPSoC fixedio Interface on Robotics SOM" type="chip" sub_type="fixed_io" major_group=""/>

    
</components>
	
	<jtag_chains>  
		<jtag_chain name="chain1">
			<position name="0" component="part0"/>
		</jtag_chain>
	</jtag_chains>

	<connections>  
		<connection name="part0_som240_1_connector" component1="part0" component2="som240_1_connector">

			<connection_map name="part0_som240_1_a3"   typical_delay="5"  c1_st_index="1"  c1_end_index="1"  c2_st_index="3"   c2_end_index="3"/>
			<connection_map name="part0_som240_1_a4"   typical_delay="5"  c1_st_index="2"  c1_end_index="2"  c2_st_index="4"   c2_end_index="4"/>

			<connection_map name="part0_som240_1_a6"   typical_delay="5"  c1_st_index="3"  c1_end_index="3"  c2_st_index="6"   c2_end_index="6"  />
			<connection_map name="part0_som240_1_a7"   typical_delay="5"  c1_st_index="4"  c1_end_index="4"  c2_st_index="7"   c2_end_index="7"  />

			<connection_map name="part0_som240_1_a9"   typical_delay="5"  c1_st_index="5"  c1_end_index="5"  c2_st_index="9"   c2_end_index="9"/>
			<connection_map name="part0_som240_1_a10"  typical_delay="5"  c1_st_index="6"  c1_end_index="6"  c2_st_index="10"  c2_end_index="10"/>

			<connection_map name="part0_som240_1_a12"  typical_delay="5"  c1_st_index="7"  c1_end_index="7"  c2_st_index="12"  c2_end_index="12" />
			<connection_map name="part0_som240_1_a13"  typical_delay="5"  c1_st_index="8"  c1_end_index="8"  c2_st_index="13"  c2_end_index="13" />

			<connection_map name="part0_som240_1_a15"  typical_delay="5"  c1_st_index="9"  c1_end_index="9"  c2_st_index="15"  c2_end_index="15"/>
			<connection_map name="part0_som240_1_a16"  typical_delay="5"  c1_st_index="10" c1_end_index="10" c2_st_index="16"  c2_end_index="16" />	
			<connection_map name="part0_som240_1_a17"  typical_delay="5"  c1_st_index="11" c1_end_index="11" c2_st_index="17"  c2_end_index="17" />

	
			<connection_map name="part0_som240_1_b1"  typical_delay="5" c1_st_index="12" c1_end_index="12" c2_st_index="61" c2_end_index="61"/>
			<connection_map name="part0_som240_1_b2"  typical_delay="5" c1_st_index="13" c1_end_index="13" c2_st_index="62" c2_end_index="62"/>
													                                                   
			<connection_map name="part0_som240_1_b4"  typical_delay="5" c1_st_index="14" c1_end_index="14" c2_st_index="64"  c2_end_index="64"/>			
			<connection_map name="part0_som240_1_b5"  typical_delay="5" c1_st_index="15" c1_end_index="15" c2_st_index="65"  c2_end_index="65"/>
                                                                                                          
			<connection_map name="part0_som240_1_b7"  typical_delay="5" c1_st_index="16" c1_end_index="16" c2_st_index="67"  c2_end_index="67"/>
			<connection_map name="part0_som240_1_b8"  typical_delay="5" c1_st_index="17" c1_end_index="17" c2_st_index="68"  c2_end_index="68"/>
			                                                                                              
			<connection_map name="part0_som240_1_b10" typical_delay="5" c1_st_index="18" c1_end_index="18" c2_st_index="70" c2_end_index="70"/>						
			<connection_map name="part0_som240_1_b11" typical_delay="5" c1_st_index="19" c1_end_index="19" c2_st_index="71" c2_end_index="71"/>
			                                                                                              
			<connection_map name="part0_som240_1_b16" typical_delay="5" c1_st_index="20" c1_end_index="20" c2_st_index="76"  c2_end_index="76" />
			<connection_map name="part0_som240_1_b17" typical_delay="5" c1_st_index="21" c1_end_index="21" c2_st_index="77"  c2_end_index="77"/>
			<connection_map name="part0_som240_1_b18" typical_delay="5" c1_st_index="22" c1_end_index="22" c2_st_index="78"  c2_end_index="78"/>
			                                                                                              
			<connection_map name="part0_som240_1_b20" typical_delay="5" c1_st_index="23" c1_end_index="23" c2_st_index="80"  c2_end_index="80" />
			<connection_map name="part0_som240_1_b21" typical_delay="5" c1_st_index="24" c1_end_index="24" c2_st_index="81"  c2_end_index="81"/>
			<connection_map name="part0_som240_1_b22" typical_delay="5" c1_st_index="25" c1_end_index="25" c2_st_index="82"  c2_end_index="82"/>
			

			<connection_map name="part0_som240_1_c3"  typical_delay="5" c1_st_index="26" c1_end_index="26" c2_st_index="123" c2_end_index="123"/>
			<connection_map name="part0_som240_1_c4"  typical_delay="5" c1_st_index="27" c1_end_index="27" c2_st_index="124" c2_end_index="124"/>
													                                                   
			<connection_map name="part0_som240_1_c6"  typical_delay="5" c1_st_index="28" c1_end_index="28" c2_st_index="126" c2_end_index="126"/>
			<connection_map name="part0_som240_1_c7"  typical_delay="5" c1_st_index="29" c1_end_index="29" c2_st_index="127" c2_end_index="127"/>
			                                                                                             
			<connection_map name="part0_som240_1_c9"  typical_delay="5" c1_st_index="30" c1_end_index="30" c2_st_index="129" c2_end_index="129"/>
			<connection_map name="part0_som240_1_c10" typical_delay="5" c1_st_index="31" c1_end_index="31" c2_st_index="130" c2_end_index="130"/>
			                                                                                             
			<connection_map name="part0_som240_1_c12" typical_delay="5" c1_st_index="32" c1_end_index="32" c2_st_index="132" c2_end_index="132"/>
			<connection_map name="part0_som240_1_c13" typical_delay="5" c1_st_index="33" c1_end_index="33" c2_st_index="133" c2_end_index="133"/>
                                                                                                         
			<connection_map name="part0_som240_1_c18" typical_delay="5" c1_st_index="34" c1_end_index="34" c2_st_index="138" c2_end_index="138"/>		
			<connection_map name="part0_som240_1_c19" typical_delay="5" c1_st_index="35" c1_end_index="35" c2_st_index="139" c2_end_index="139"/>			
			<connection_map name="part0_som240_1_c20" typical_delay="5" c1_st_index="36" c1_end_index="36" c2_st_index="140" c2_end_index="140"/>
			                                                                                             
			<connection_map name="part0_som240_1_c22" typical_delay="5" c1_st_index="37" c1_end_index="37" c2_st_index="142" c2_end_index="142"/>
			<connection_map name="part0_som240_1_C23" typical_delay="5" c1_st_index="38" c1_end_index="38" c2_st_index="143" c2_end_index="143"/>
			<connection_map name="part0_som240_1_C24" typical_delay="5" c1_st_index="39" c1_end_index="39" c2_st_index="144" c2_end_index="144"/>

			
			<connection_map name="part0_som240_1_d4"  typical_delay="5" c1_st_index="40" c1_end_index="40" c2_st_index="184" c2_end_index="184"/>
			<connection_map name="part0_som240_1_d5"  typical_delay="5" c1_st_index="41" c1_end_index="41" c2_st_index="185" c2_end_index="185"/>
													                                 	               	
			<connection_map name="part0_som240_1_d7"  typical_delay="5" c1_st_index="42" c1_end_index="42" c2_st_index="187" c2_end_index="187"/>
			<connection_map name="part0_som240_1_d8"  typical_delay="5" c1_st_index="43" c1_end_index="43" c2_st_index="188" c2_end_index="188"/>
			                                                                         	               	
			<connection_map name="part0_som240_1_d10" typical_delay="5" c1_st_index="44" c1_end_index="44" c2_st_index="190" c2_end_index="190"/>
			<connection_map name="part0_som240_1_d11" typical_delay="5" c1_st_index="45" c1_end_index="45" c2_st_index="191" c2_end_index="191"/>
			                                                                         	               	
			<connection_map name="part0_som240_1_d13" typical_delay="5" c1_st_index="46" c1_end_index="46" c2_st_index="193" c2_end_index="193"/>		
			<connection_map name="part0_som240_1_d14" typical_delay="5" c1_st_index="47" c1_end_index="47" c2_st_index="194" c2_end_index="194"/>				
			                                                                         	               	
			<connection_map name="part0_som240_1_d16" typical_delay="5" c1_st_index="48" c1_end_index="48" c2_st_index="196" c2_end_index="196" />
			<connection_map name="part0_som240_1_d17" typical_delay="5" c1_st_index="49" c1_end_index="49" c2_st_index="197" c2_end_index="197" />
			<connection_map name="part0_som240_1_d18" typical_delay="5" c1_st_index="50" c1_end_index="50" c2_st_index="198" c2_end_index="198"/>
			                                                                         	               	
			<connection_map name="part0_som240_1_d20" typical_delay="5" c1_st_index="51" c1_end_index="51" c2_st_index="200" c2_end_index="200"/>
			<connection_map name="part0_som240_1_d21" typical_delay="5" c1_st_index="52" c1_end_index="52" c2_st_index="201" c2_end_index="201"/>
			<connection_map name="part0_som240_1_d22" typical_delay="5" c1_st_index="53" c1_end_index="53" c2_st_index="202" c2_end_index="202"/>

		</connection>

		<connection name="part0_som240_2_connector" component1="part0" component2="som240_2_connector">
		
			<connection_map name="part0_som240_2_a3" typical_delay="5" c1_st_index="55" c1_end_index="55" c2_st_index="3" c2_end_index="3" />
			<connection_map name="part0_som240_2_a4" typical_delay="5" c1_st_index="56" c1_end_index="56" c2_st_index="4" c2_end_index="4"/>
			
			<connection_map name="part0_som240_2_a7" typical_delay="5" c1_st_index="57" c1_end_index="57" c2_st_index="7" c2_end_index="7"/>
			<connection_map name="part0_som240_2_a8" typical_delay="5" c1_st_index="58" c1_end_index="58" c2_st_index="8" c2_end_index="8"/>
			                                                                        
			<connection_map name="part0_som240_2_a11" typical_delay="5" c1_st_index="59" c1_end_index="59" c2_st_index="11" c2_end_index="11"/>
			<connection_map name="part0_som240_2_a12" typical_delay="5" c1_st_index="60" c1_end_index="60" c2_st_index="12" c2_end_index="12"/>
			                                                                                             
			<connection_map name="part0_som240_2_a14" typical_delay="5" c1_st_index="61" c1_end_index="61" c2_st_index="14" c2_end_index="14"/>	
			<connection_map name="part0_som240_2_a15" typical_delay="5" c1_st_index="62" c1_end_index="62" c2_st_index="15" c2_end_index="15"/>
			                                                                                             
			<connection_map name="part0_som240_2_a17" typical_delay="5" c1_st_index="63" c1_end_index="63" c2_st_index="17" c2_end_index="17"/>
			<connection_map name="part0_som240_2_a18" typical_delay="5" c1_st_index="64" c1_end_index="64" c2_st_index="18" c2_end_index="18"/>
			                                                                                             
			<connection_map name="part0_som240_2_a20" typical_delay="5" c1_st_index="65" c1_end_index="65" c2_st_index="20" c2_end_index="20"/>
			<connection_map name="part0_som240_2_a21" typical_delay="5" c1_st_index="66" c1_end_index="66" c2_st_index="21" c2_end_index="21"/>
			                                                                                                                           
			<connection_map name="part0_som240_2_a23" typical_delay="5" c1_st_index="67" c1_end_index="67" c2_st_index="23" c2_end_index="23"/>
			<connection_map name="part0_som240_2_a24" typical_delay="5" c1_st_index="68" c1_end_index="68" c2_st_index="24" c2_end_index="24"/>
			                                                                                                                           
			<connection_map name="part0_som240_2_a26" typical_delay="5" c1_st_index="69" c1_end_index="69" c2_st_index="26" c2_end_index="26"/>
			<connection_map name="part0_som240_2_a27" typical_delay="5" c1_st_index="70" c1_end_index="70" c2_st_index="27" c2_end_index="27"/>
			                                                                                                                           
			<connection_map name="part0_som240_2_a29" typical_delay="5" c1_st_index="71" c1_end_index="71" c2_st_index="29" c2_end_index="29"/>
			<connection_map name="part0_som240_2_a30" typical_delay="5" c1_st_index="72" c1_end_index="72" c2_st_index="30" c2_end_index="30"/>
			                                                                                                                           
			<connection_map name="part0_som240_2_a32" typical_delay="5" c1_st_index="73" c1_end_index="73" c2_st_index="32" c2_end_index="32"/>
			<connection_map name="part0_som240_2_a33" typical_delay="5" c1_st_index="74" c1_end_index="74" c2_st_index="33" c2_end_index="33"/>
			                                                                                                                               
			<connection_map name="part0_som240_2_a35" typical_delay="5" c1_st_index="75" c1_end_index="75" c2_st_index="35" c2_end_index="35"/>
			<connection_map name="part0_som240_2_a36" typical_delay="5" c1_st_index="76" c1_end_index="76" c2_st_index="36" c2_end_index="36"/>
			                                                                                                                               
			<connection_map name="part0_som240_2_a38" typical_delay="5" c1_st_index="77" c1_end_index="77" c2_st_index="38" c2_end_index="38"/>	
			<connection_map name="part0_som240_2_a39" typical_delay="5" c1_st_index="78" c1_end_index="78" c2_st_index="39" c2_end_index="39"/>
			                                                                                                                               
			<connection_map name="part0_som240_2_a41" typical_delay="5" c1_st_index="79" c1_end_index="79" c2_st_index="41" c2_end_index="41"/>
			<connection_map name="part0_som240_2_a42" typical_delay="5" c1_st_index="80" c1_end_index="80" c2_st_index="42" c2_end_index="42"/>
			                                                                                                                               
			<connection_map name="part0_som240_2_a46" typical_delay="5" c1_st_index="81" c1_end_index="81" c2_st_index="46" c2_end_index="46"/>
			<connection_map name="part0_som240_2_a47" typical_delay="5" c1_st_index="82" c1_end_index="82" c2_st_index="47" c2_end_index="47"/>
			<connection_map name="part0_som240_2_a48" typical_delay="5" c1_st_index="83" c1_end_index="83" c2_st_index="48" c2_end_index="48"/>
			                                                                                                                               
			<connection_map name="part0_som240_2_a50" typical_delay="5" c1_st_index="84" c1_end_index="84" c2_st_index="50" c2_end_index="50"/>
			<connection_map name="part0_som240_2_a51" typical_delay="5" c1_st_index="85" c1_end_index="85" c2_st_index="51" c2_end_index="51"/>	
			<connection_map name="part0_som240_2_a52" typical_delay="5" c1_st_index="86" c1_end_index="86" c2_st_index="52" c2_end_index="52"/>
			                                                                                                                               
			<connection_map name="part0_som240_2_a54" typical_delay="5" c1_st_index="87" c1_end_index="87" c2_st_index="54" c2_end_index="54"/>
			<connection_map name="part0_som240_2_a55" typical_delay="5" c1_st_index="88" c1_end_index="88" c2_st_index="55" c2_end_index="55"/>
			<connection_map name="part0_som240_2_a56" typical_delay="5" c1_st_index="89" c1_end_index="89" c2_st_index="56" c2_end_index="56"/>
			                                                                                                                               
			<connection_map name="part0_som240_2_a58" typical_delay="5" c1_st_index="90" c1_end_index="90" c2_st_index="58" c2_end_index="58"/>
			<connection_map name="part0_som240_2_a59" typical_delay="5" c1_st_index="91" c1_end_index="91" c2_st_index="59" c2_end_index="59"/>
			<connection_map name="part0_som240_2_a60" typical_delay="5" c1_st_index="92" c1_end_index="92" c2_st_index="60" c2_end_index="60"/>

			<connection_map name="part0_som240_2_b1" typical_delay="5" c1_st_index="93" c1_end_index="93" c2_st_index="61" c2_end_index="61" />
			<connection_map name="part0_som240_2_b2" typical_delay="5" c1_st_index="94" c1_end_index="94" c2_st_index="62" c2_end_index="62"/>
			
			<connection_map name="part0_som240_2_b5" typical_delay="5" c1_st_index="95" c1_end_index="95" c2_st_index="65" c2_end_index="65"/>
			<connection_map name="part0_som240_2_b6" typical_delay="5" c1_st_index="96" c1_end_index="96" c2_st_index="66" c2_end_index="66"/>
			
			<connection_map name="part0_som240_2_b9" typical_delay="5" c1_st_index="97" c1_end_index="97" c2_st_index="69" c2_end_index="69"/>
			<connection_map name="part0_som240_2_b10" typical_delay="5" c1_st_index="98" c1_end_index="98" c2_st_index="70" c2_end_index="70"/>
			                                                                                        
			<connection_map name="part0_som240_2_b12" typical_delay="5" c1_st_index="99" c1_end_index="99" c2_st_index="72" c2_end_index="72"/>	
			<connection_map name="part0_som240_2_b13" typical_delay="5" c1_st_index="100" c1_end_index="100" c2_st_index="73" c2_end_index="73"/>
			                                                                                        
			<connection_map name="part0_som240_2_b15" typical_delay="5" c1_st_index="101" c1_end_index="101" c2_st_index="75" c2_end_index="75"/>
			<connection_map name="part0_som240_2_b16" typical_delay="5" c1_st_index="102" c1_end_index="102" c2_st_index="76" c2_end_index="76"/>
			                                                                                               
			<connection_map name="part0_som240_2_b18" typical_delay="5" c1_st_index="103" c1_end_index="103" c2_st_index="78" c2_end_index="78"/>
			<connection_map name="part0_som240_2_b19" typical_delay="5" c1_st_index="104" c1_end_index="104" c2_st_index="79" c2_end_index="79"/>
			                                                                                               
			<connection_map name="part0_som240_2_b21" typical_delay="5" c1_st_index="105" c1_end_index="105" c2_st_index="81" c2_end_index="81"/>
			<connection_map name="part0_som240_2_b22" typical_delay="5" c1_st_index="106" c1_end_index="106" c2_st_index="82" c2_end_index="82"/>
			                                                                                            
			<connection_map name="part0_som240_2_b24" typical_delay="5" c1_st_index="107" c1_end_index="107" c2_st_index="84" c2_end_index="84"/>	
			<connection_map name="part0_som240_2_b25" typical_delay="5" c1_st_index="108" c1_end_index="108" c2_st_index="85" c2_end_index="85"/>
			                                                                                            
			<connection_map name="part0_som240_2_b27" typical_delay="5" c1_st_index="109" c1_end_index="109" c2_st_index="87" c2_end_index="87"/>
			<connection_map name="part0_som240_2_b28" typical_delay="5" c1_st_index="110" c1_end_index="110" c2_st_index="88" c2_end_index="88"/>
			                                                                                                                            
			<connection_map name="part0_som240_2_b30" typical_delay="5" c1_st_index="111" c1_end_index="111" c2_st_index="90" c2_end_index="90"/>
			<connection_map name="part0_som240_2_b31" typical_delay="5" c1_st_index="112" c1_end_index="112" c2_st_index="91" c2_end_index="91"/>
			                                                                                                                            
			<connection_map name="part0_som240_2_b33" typical_delay="5" c1_st_index="113" c1_end_index="113" c2_st_index="93" c2_end_index="93"/>
			<connection_map name="part0_som240_2_b34" typical_delay="5" c1_st_index="114" c1_end_index="114" c2_st_index="94" c2_end_index="94"/>
			                                                                                                                            
			<connection_map name="part0_som240_2_b36" typical_delay="5" c1_st_index="115" c1_end_index="115" c2_st_index="96" c2_end_index="96"/>	
			<connection_map name="part0_som240_2_b37" typical_delay="5" c1_st_index="116" c1_end_index="116" c2_st_index="97" c2_end_index="97"/>
			                                                                                                                            
			<connection_map name="part0_som240_2_b39" typical_delay="5" c1_st_index="117" c1_end_index="117" c2_st_index="99" c2_end_index="99"/>
			<connection_map name="part0_som240_2_b40" typical_delay="5" c1_st_index="118" c1_end_index="118" c2_st_index="100" c2_end_index="100"/>
			                                                                                                                             
			<connection_map name="part0_som240_2_b44" typical_delay="5" c1_st_index="119" c1_end_index="119" c2_st_index="104" c2_end_index="104"/>
			<connection_map name="part0_som240_2_b45" typical_delay="5" c1_st_index="120" c1_end_index="120" c2_st_index="105" c2_end_index="105"/>
			<connection_map name="part0_som240_2_b46" typical_delay="5" c1_st_index="121" c1_end_index="121" c2_st_index="106" c2_end_index="106"/>
			                                                                                                                             
			<connection_map name="part0_som240_2_b48" typical_delay="5" c1_st_index="122" c1_end_index="122" c2_st_index="108" c2_end_index="108"/>
			<connection_map name="part0_som240_2_b49" typical_delay="5" c1_st_index="123" c1_end_index="123" c2_st_index="109" c2_end_index="109"/>	
			<connection_map name="part0_som240_2_b50" typical_delay="5" c1_st_index="124" c1_end_index="124" c2_st_index="110" c2_end_index="110"/>
			                                                                                                                             
			<connection_map name="part0_som240_2_b52" typical_delay="5" c1_st_index="125" c1_end_index="125" c2_st_index="112" c2_end_index="112"/>
			<connection_map name="part0_som240_2_b53" typical_delay="5" c1_st_index="126" c1_end_index="126" c2_st_index="113" c2_end_index="113"/>
			<connection_map name="part0_som240_2_b54" typical_delay="5" c1_st_index="127" c1_end_index="127" c2_st_index="114" c2_end_index="114"/>
			                                                                                                                             
			<connection_map name="part0_som240_2_b56" typical_delay="5" c1_st_index="128" c1_end_index="128" c2_st_index="116" c2_end_index="116"/>
			<connection_map name="part0_som240_2_b57" typical_delay="5" c1_st_index="129" c1_end_index="129" c2_st_index="117" c2_end_index="117"/>
			<connection_map name="part0_som240_2_b58" typical_delay="5" c1_st_index="130" c1_end_index="130" c2_st_index="118" c2_end_index="118"/>	
                                                                                                        
			<connection_map name="part0_som240_2_c3" typical_delay="5" c1_st_index="131" c1_end_index="131" c2_st_index="123" c2_end_index="123" />
			<connection_map name="part0_som240_2_c4" typical_delay="5" c1_st_index="132" c1_end_index="132" c2_st_index="124" c2_end_index="124"/>
			                                                                                               
			<connection_map name="part0_som240_2_c7" typical_delay="5" c1_st_index="133" c1_end_index="133" c2_st_index="127" c2_end_index="127"/>
			<connection_map name="part0_som240_2_c8" typical_delay="5" c1_st_index="134" c1_end_index="134" c2_st_index="128" c2_end_index="128"/>
			                                                                                               
			<connection_map name="part0_som240_2_c11" typical_delay="5" c1_st_index="135" c1_end_index="135" c2_st_index="131" c2_end_index="131"/>
			<connection_map name="part0_som240_2_c12" typical_delay="5" c1_st_index="136" c1_end_index="136" c2_st_index="132" c2_end_index="132"/>
			                                                                                               
			<connection_map name="part0_som240_2_c14" typical_delay="5" c1_st_index="137" c1_end_index="137" c2_st_index="134" c2_end_index="134"/>	
			<connection_map name="part0_som240_2_c15" typical_delay="5" c1_st_index="138" c1_end_index="138" c2_st_index="135" c2_end_index="135"/>
			                                                                                               
			<connection_map name="part0_som240_2_c17" typical_delay="5" c1_st_index="139" c1_end_index="139" c2_st_index="137" c2_end_index="137"/>
			<connection_map name="part0_som240_2_c18" typical_delay="5" c1_st_index="140" c1_end_index="140" c2_st_index="138" c2_end_index="138"/>
			                                                                                               
			<connection_map name="part0_som240_2_c20" typical_delay="5" c1_st_index="141" c1_end_index="141" c2_st_index="140" c2_end_index="140"/>
			<connection_map name="part0_som240_2_c21" typical_delay="5" c1_st_index="142" c1_end_index="142" c2_st_index="141" c2_end_index="141"/>
			                                                                                                                         
			<connection_map name="part0_som240_2_c23" typical_delay="5" c1_st_index="143" c1_end_index="143" c2_st_index="143" c2_end_index="143"/>
			<connection_map name="part0_som240_2_c24" typical_delay="5" c1_st_index="144" c1_end_index="144" c2_st_index="144" c2_end_index="144"/>
			                                                                                                                         
			<connection_map name="part0_som240_2_c26" typical_delay="5" c1_st_index="145" c1_end_index="145" c2_st_index="146" c2_end_index="146"/>
			<connection_map name="part0_som240_2_c27" typical_delay="5" c1_st_index="146" c1_end_index="146" c2_st_index="147" c2_end_index="147"/>
			                                                                                                                         
			<connection_map name="part0_som240_2_c29" typical_delay="5" c1_st_index="147" c1_end_index="147" c2_st_index="149" c2_end_index="149"/>
			<connection_map name="part0_som240_2_c30" typical_delay="5" c1_st_index="148" c1_end_index="148" c2_st_index="150" c2_end_index="150"/>
			                                                                                                                         
			<connection_map name="part0_som240_2_c32" typical_delay="5" c1_st_index="149" c1_end_index="149" c2_st_index="152" c2_end_index="152"/>
			<connection_map name="part0_som240_2_c33" typical_delay="5" c1_st_index="150" c1_end_index="150" c2_st_index="153" c2_end_index="153"/>
			                                                                                                                         
			<connection_map name="part0_som240_2_c35" typical_delay="5" c1_st_index="151" c1_end_index="151" c2_st_index="155" c2_end_index="155"/>
			<connection_map name="part0_som240_2_c36" typical_delay="5" c1_st_index="152" c1_end_index="152" c2_st_index="156" c2_end_index="156"/>
			                                                                                                                         
			<connection_map name="part0_som240_2_c38" typical_delay="5" c1_st_index="153" c1_end_index="153" c2_st_index="158" c2_end_index="158"/>	
			<connection_map name="part0_som240_2_c39" typical_delay="5" c1_st_index="154" c1_end_index="154" c2_st_index="159" c2_end_index="159"/>
			                                                                                                                         
			<connection_map name="part0_som240_2_c41" typical_delay="5" c1_st_index="155" c1_end_index="155" c2_st_index="161" c2_end_index="161"/>
			<connection_map name="part0_som240_2_c42" typical_delay="5" c1_st_index="156" c1_end_index="156" c2_st_index="162" c2_end_index="162"/>
			                                                                                                                       
			<connection_map name="part0_som240_2_c46" typical_delay="5" c1_st_index="157" c1_end_index="157" c2_st_index="166" c2_end_index="166"/>
			<connection_map name="part0_som240_2_c47" typical_delay="5" c1_st_index="158" c1_end_index="158" c2_st_index="167" c2_end_index="167"/>
			<connection_map name="part0_som240_2_c48" typical_delay="5" c1_st_index="159" c1_end_index="159" c2_st_index="168" c2_end_index="168"/>
			                                                                                                                         
			<connection_map name="part0_som240_2_c50" typical_delay="5" c1_st_index="160" c1_end_index="160" c2_st_index="170" c2_end_index="170"/>
			<connection_map name="part0_som240_2_c51" typical_delay="5" c1_st_index="161" c1_end_index="161" c2_st_index="171" c2_end_index="171"/>	
			<connection_map name="part0_som240_2_c52" typical_delay="5" c1_st_index="162" c1_end_index="162" c2_st_index="172" c2_end_index="172"/>
			                                                                                                                         
			<connection_map name="part0_som240_2_c54" typical_delay="5" c1_st_index="163" c1_end_index="163" c2_st_index="174" c2_end_index="174"/>
			<connection_map name="part0_som240_2_c55" typical_delay="5" c1_st_index="164" c1_end_index="164" c2_st_index="175" c2_end_index="175"/>
			<connection_map name="part0_som240_2_c56" typical_delay="5" c1_st_index="165" c1_end_index="165" c2_st_index="176" c2_end_index="176"/>
			                                                                                                                         
			<connection_map name="part0_som240_2_c58" typical_delay="5" c1_st_index="166" c1_end_index="166" c2_st_index="178" c2_end_index="178"/>
			<connection_map name="part0_som240_2_c59" typical_delay="5" c1_st_index="167" c1_end_index="167" c2_st_index="179" c2_end_index="179"/>
			<connection_map name="part0_som240_2_c60" typical_delay="5" c1_st_index="168" c1_end_index="168" c2_st_index="180" c2_end_index="180"/>
                                                                                    
		    <connection_map name="part0_som240_2_d1" typical_delay="5" c1_st_index="169" c1_end_index="169" c2_st_index="181" c2_end_index="181" />
			<connection_map name="part0_som240_2_d2" typical_delay="5" c1_st_index="170" c1_end_index="170" c2_st_index="182" c2_end_index="182"/>
			                                                                                           
			<connection_map name="part0_som240_2_d5" typical_delay="5" c1_st_index="171" c1_end_index="171" c2_st_index="185" c2_end_index="185"/>
			<connection_map name="part0_som240_2_d6" typical_delay="5" c1_st_index="172" c1_end_index="172" c2_st_index="186" c2_end_index="186"/>
			                                                                                           
			<connection_map name="part0_som240_2_d9" typical_delay="5" c1_st_index="173" c1_end_index="173" c2_st_index="189" c2_end_index="189"/>
			<connection_map name="part0_som240_2_d10" typical_delay="5" c1_st_index="174" c1_end_index="174" c2_st_index="170" c2_end_index="170"/>
			                                                                        
			<connection_map name="part0_som240_2_d12" typical_delay="5" c1_st_index="175" c1_end_index="175" c2_st_index="192" c2_end_index="192"/>	
			<connection_map name="part0_som240_2_d13" typical_delay="5" c1_st_index="176" c1_end_index="176" c2_st_index="193" c2_end_index="193"/>
			                                                                                           
			<connection_map name="part0_som240_2_d15" typical_delay="5" c1_st_index="177" c1_end_index="177" c2_st_index="195" c2_end_index="195"/>
			<connection_map name="part0_som240_2_d16" typical_delay="5" c1_st_index="178" c1_end_index="178" c2_st_index="196" c2_end_index="196"/>
			                                                                                           
			<connection_map name="part0_som240_2_d18" typical_delay="5" c1_st_index="179" c1_end_index="179" c2_st_index="198" c2_end_index="198"/>
			<connection_map name="part0_som240_2_d19" typical_delay="5" c1_st_index="180" c1_end_index="180" c2_st_index="199" c2_end_index="199"/>
			                                                                                           
			<connection_map name="part0_som240_2_d21" typical_delay="5" c1_st_index="181" c1_end_index="181" c2_st_index="201" c2_end_index="201"/>
			<connection_map name="part0_som240_2_d22" typical_delay="5" c1_st_index="182" c1_end_index="182" c2_st_index="202" c2_end_index="202"/>
			                                                                                           
			<connection_map name="part0_som240_2_d24" typical_delay="5" c1_st_index="183" c1_end_index="183" c2_st_index="204" c2_end_index="204"/>	
			<connection_map name="part0_som240_2_d25" typical_delay="5" c1_st_index="184" c1_end_index="184" c2_st_index="205" c2_end_index="205"/>
			                                                                                           
			<connection_map name="part0_som240_2_d27" typical_delay="5" c1_st_index="185" c1_end_index="185" c2_st_index="207" c2_end_index="207"/>
			<connection_map name="part0_som240_2_d28" typical_delay="5" c1_st_index="186" c1_end_index="186" c2_st_index="208" c2_end_index="208"/>
			                                                                                           
			<connection_map name="part0_som240_2_d30" typical_delay="5" c1_st_index="187" c1_end_index="187" c2_st_index="210" c2_end_index="210"/>
			<connection_map name="part0_som240_2_d31" typical_delay="5" c1_st_index="188" c1_end_index="188" c2_st_index="211" c2_end_index="211"/>
			                                                                                           
			<connection_map name="part0_som240_2_d33" typical_delay="5" c1_st_index="189" c1_end_index="189" c2_st_index="213" c2_end_index="213"/>
			<connection_map name="part0_som240_2_d34" typical_delay="5" c1_st_index="190" c1_end_index="190" c2_st_index="214" c2_end_index="214"/>
			                                                                                           
			<connection_map name="part0_som240_2_d36" typical_delay="5" c1_st_index="191" c1_end_index="191" c2_st_index="216" c2_end_index="216"/>	
			<connection_map name="part0_som240_2_d37" typical_delay="5" c1_st_index="192" c1_end_index="192" c2_st_index="217" c2_end_index="217"/>
			                                                                                           
			<connection_map name="part0_som240_2_d39" typical_delay="5" c1_st_index="193" c1_end_index="193" c2_st_index="219" c2_end_index="219"/>
			<connection_map name="part0_som240_2_d40" typical_delay="5" c1_st_index="194" c1_end_index="194" c2_st_index="220" c2_end_index="220"/>
			                                                                                           
			<connection_map name="part0_som240_2_d44" typical_delay="5" c1_st_index="195" c1_end_index="195" c2_st_index="224" c2_end_index="224"/>
			<connection_map name="part0_som240_2_d45" typical_delay="5" c1_st_index="196" c1_end_index="196" c2_st_index="225" c2_end_index="225"/>
			<connection_map name="part0_som240_2_d46" typical_delay="5" c1_st_index="197" c1_end_index="197" c2_st_index="226" c2_end_index="226"/>
			                                                                                           
			<connection_map name="part0_som240_2_d48" typical_delay="5" c1_st_index="198" c1_end_index="198" c2_st_index="228" c2_end_index="228"/>
			<connection_map name="part0_som240_2_d49" typical_delay="5" c1_st_index="199" c1_end_index="199" c2_st_index="229" c2_end_index="229"/>	
			<connection_map name="part0_som240_2_d50" typical_delay="5" c1_st_index="200" c1_end_index="200" c2_st_index="230" c2_end_index="230"/>
			                                                                                           
			<connection_map name="part0_som240_2_d52" typical_delay="5" c1_st_index="201" c1_end_index="201" c2_st_index="232" c2_end_index="232"/>
			<connection_map name="part0_som240_2_d53" typical_delay="5" c1_st_index="202" c1_end_index="202" c2_st_index="233" c2_end_index="233"/>
			<connection_map name="part0_som240_2_d54" typical_delay="5" c1_st_index="203" c1_end_index="203" c2_st_index="234" c2_end_index="234"/>
			                                                                                           
			<connection_map name="part0_som240_2_d56" typical_delay="5" c1_st_index="204" c1_end_index="204" c2_st_index="236" c2_end_index="236"/>
			<connection_map name="part0_som240_2_d57" typical_delay="5" c1_st_index="205" c1_end_index="205" c2_st_index="237" c2_end_index="237"/>
			<connection_map name="part0_som240_2_d58" typical_delay="5" c1_st_index="206" c1_end_index="206" c2_st_index="238" c2_end_index="238"/>
		</connection>
	
	</connections>

</board>

