<?xml version="1.0" encoding="UTF-8" standalone="no" ?>

<!-- Copyright (C) 2019, Xilinx Inc - All rights reserved
 Licensed under the Apache License, Version 2.0 (the "License"). You may
 not use this file except in compliance with the License. A copy of the
 License is located at
     http://www.apache.org/licenses/LICENSE-2.0
 Unless required by applicable law or agreed to in writing, software
 distributed under the License is distributed on an "AS IS" BASIS, WITHOUT
 WARRANTIES OR CONDITIONS OF ANY KIND, either express or implied. See the
 License for the specific language governing permissions and limitations
 under the License. -->
 
<ip_presets schema="1.0">


 <ip_preset preset_proc_name="mpsoc_preset_vsom"> 
  <ip vendor="xilinx.com" library="ip" name="zynq_ultra_ps_e" version="*"> 
    <user_parameters>
	
		<!-- <user_parameter name="CONFIG.PSU_DYNAMIC_DDR_CONFIG_EN" value="1" /> -->
		<user_parameter name="CONFIG.PSU__PRESET_APPLIED" value="1"/> 
		
		<user_parameter name="CONFIG.PSU_BANK_0_IO_STANDARD" value="LVCMOS18"/>
		<user_parameter name="CONFIG.PSU_BANK_1_IO_STANDARD" value="LVCMOS18"/>
		<user_parameter name="CONFIG.PSU_BANK_2_IO_STANDARD" value="LVCMOS18"/>
		<user_parameter name="CONFIG.PSU_BANK_3_IO_STANDARD" value="LVCMOS18"/>	
		
		<user_parameter name="CONFIG.PSU__GPIO0_MIO__IO" value="MIO 0 .. 25"/>
		<user_parameter name="CONFIG.PSU__GPIO0_MIO__PERIPHERAL__ENABLE" value="1"/>
		
		<user_parameter name="CONFIG.PSU__GPIO1_MIO__IO" value="MIO 26 .. 51"/>
		<user_parameter name="CONFIG.PSU__GPIO1_MIO__PERIPHERAL__ENABLE" value="1"/>	
		
		<user_parameter name="CONFIG.PSU__QSPI__PERIPHERAL__ENABLE" value="1"/>
		<user_parameter name="CONFIG.PSU__QSPI__PERIPHERAL__DATA_MODE" value="x4"/>
		<user_parameter name="CONFIG.PSU__QSPI__PERIPHERAL__IO" value="MIO 0 .. 5"/>
		<user_parameter name="CONFIG.PSU__QSPI__PERIPHERAL__MODE" value="Single"/>
		<user_parameter name="CONFIG.PSU__QSPI__GRP_FBCLK__ENABLE" value="0"/>
		<user_parameter name="CONFIG.PSU__CRL_APB__QSPI_REF_CTRL__SRCSEL" value="IOPLL"/>
		<user_parameter name="CONFIG.PSU__CRL_APB__QSPI_REF_CTRL__FREQMHZ" value="125"/>		
	
		<user_parameter name="CONFIG.PSU__SPI1__PERIPHERAL__ENABLE" value="1"/>
		<user_parameter name="CONFIG.PSU__SPI1__GRP_SS1__ENABLE" value="0"/>	
		<user_parameter name="CONFIG.PSU__CRL_APB__SPI1_REF_CTRL__SRCSEL" value= "IOPLL" />		
		<user_parameter name="CONFIG.PSU__CRL_APB__SPI1_REF_CTRL__FREQMHZ" value= "200" />	
		
		<user_parameter name="CONFIG.PSU__DISPLAYPORT__PERIPHERAL__ENABLE" value="1"/>
 		<user_parameter name="CONFIG.PSU__DPAUX__PERIPHERAL__ENABLE" value="1"/>
		<user_parameter name="CONFIG.PSU__DPAUX__PERIPHERAL__IO" value="MIO 27 .. 30"/>	
		<user_parameter name="CONFIG.PSU__DP__LANE_SEL" value="None"/>
	
<!-- 		<user_parameter name="CONFIG.PSU__DP__LANE_SEL" value="Single Lower"/>
		<user_parameter name="CONFIG.PSU__DISPLAYPORT__LANE0__ENABLE" value="1"/>
		<user_parameter name="CONFIG.PSU__DISPLAYPORT__LANE0__IO" value="GT Lane1"/> -->
		<user_parameter name="CONFIG.PSU__DP__REF_CLK_SEL" value="Ref Clk1"/>
		<user_parameter name="CONFIG.PSU__DP__REF_CLK_FREQ" value="27"/>
		
		<user_parameter name="CONFIG.PSU__CRF_APB__DP_VIDEO_REF_CTRL__SRCSEL" value="VPLL"/>
		<user_parameter name="CONFIG.PSU__CRF_APB__DP_VIDEO_REF_CTRL__FREQMHZ" value="300"/>
		<user_parameter name="CONFIG.PSU__CRF_APB__DP_AUDIO_REF_CTRL__SRCSEL" value="RPLL"/>
		<user_parameter name="CONFIG.PSU__CRF_APB__DP_AUDIO_REF_CTRL__FREQMHZ" value="25"/>
		<user_parameter name="CONFIG.PSU__CRF_APB__DP_STC_REF_CTRL__SRCSEL" value="RPLL"/>
		<user_parameter name="CONFIG.PSU__CRF_APB__DP_STC_REF_CTRL__FREQMHZ" value="27"/>		

<!-- 		<user_parameter name="CONFIG.PSU__SD0__PERIPHERAL__ENABLE" value="1"/>
		<user_parameter name="CONFIG.PSU__SD0__SLOT_TYPE" value="eMMC"/>
		<user_parameter name="CONFIG.PSU__SD0__GRP_POW__ENABLE" value="1"/>
		<user_parameter name="CONFIG.PSU__SD0__RESET__ENABLE" value="1"/> 
		<user_parameter name="CONFIG.PSU__CRL_APB__SDIO0_REF_CTRL__SRCSEL" value="IOPLL"/>
		<user_parameter name="CONFIG.PSU__CRL_APB__SDIO0_REF_CTRL__FREQMHZ" value="200"/> -->

		
		<user_parameter name="CONFIG.PSU__USE__IRQ0" value="1"/>
		<user_parameter name="CONFIG.PSU__USE__M_AXI_GP0" value="1"/>
		<user_parameter name="CONFIG.PSU__USE__M_AXI_GP1" value="1"/>
		<user_parameter name="CONFIG.PSU__USE__M_AXI_GP2" value="0"/>
	
		<user_parameter name="CONFIG.PSU__PMU__GPO0__ENABLE" value="1"/>	
		<user_parameter name="CONFIG.PSU__PMU__GPO1__ENABLE" value="1"/>		
		<user_parameter name="CONFIG.PSU__PMU__GPO2__ENABLE" value="1"/>
		<user_parameter name="CONFIG.PSU__PMU__GPO2__POLARITY" value="high"/>
		
		<user_parameter name="CONFIG.PSU__PMU__GPO3__ENABLE" value="1"/>
		<user_parameter name="CONFIG.PSU__PMU__GPO4__ENABLE" value="0"/>	
		<user_parameter name="CONFIG.PSU__PMU__GPO5__ENABLE" value="0"/>			
	
		<user_parameter name="CONFIG.PSU__PMU__PERIPHERAL__ENABLE" value="1"/>
		<user_parameter name="CONFIG.PSU__PMU__GPI0__ENABLE" value="1"/>
		<user_parameter name="CONFIG.PSU__PMU__GPI1__ENABLE" value="0"/>
		<user_parameter name="CONFIG.PSU__PMU__GPI2__ENABLE" value="0"/>
		<user_parameter name="CONFIG.PSU__PMU__GPI3__ENABLE" value="0"/>
		<user_parameter name="CONFIG.PSU__PMU__GPI4__ENABLE" value="0"/>
		<user_parameter name="CONFIG.PSU__PMU__GPI5__ENABLE" value="1"/>
		
		<user_parameter name="CONFIG.PSU_MIO_34_DIRECTION" value="inout"/>			
		<user_parameter name="CONFIG.PSU_MIO_43_DIRECTION" value="inout"/>	
		<user_parameter name="CONFIG.PSU_MIO_44_DIRECTION" value="inout"/>	
		
		<user_parameter name="CONFIG.PSU_MIO_0_DRIVE_STRENGTH"  value="4"/>
		<user_parameter name="CONFIG.PSU_MIO_1_DRIVE_STRENGTH"  value="4"/>
		<user_parameter name="CONFIG.PSU_MIO_2_DRIVE_STRENGTH"  value="4"/>
		<user_parameter name="CONFIG.PSU_MIO_3_DRIVE_STRENGTH"  value="4"/>		
		<user_parameter name="CONFIG.PSU_MIO_4_DRIVE_STRENGTH"  value="4"/>
		<user_parameter name="CONFIG.PSU_MIO_5_DRIVE_STRENGTH"  value="4"/>
		<user_parameter name="CONFIG.PSU_MIO_6_DRIVE_STRENGTH"  value="4"/>
		<user_parameter name="CONFIG.PSU_MIO_7_DRIVE_STRENGTH"  value="4"/>		
		<user_parameter name="CONFIG.PSU_MIO_8_DRIVE_STRENGTH"  value="4"/>
		<user_parameter name="CONFIG.PSU_MIO_9_DRIVE_STRENGTH"  value="4"/>
		<user_parameter name="CONFIG.PSU_MIO_10_DRIVE_STRENGTH" value="4"/>
		<user_parameter name="CONFIG.PSU_MIO_11_DRIVE_STRENGTH" value="4"/>		
		<user_parameter name="CONFIG.PSU_MIO_12_DRIVE_STRENGTH" value="4"/>
		<user_parameter name="CONFIG.PSU_MIO_13_DRIVE_STRENGTH" value="4"/>
		<user_parameter name="CONFIG.PSU_MIO_14_DRIVE_STRENGTH" value="4"/>
		<user_parameter name="CONFIG.PSU_MIO_15_DRIVE_STRENGTH" value="4"/>	
		<user_parameter name="CONFIG.PSU_MIO_16_DRIVE_STRENGTH" value="4"/>
		<user_parameter name="CONFIG.PSU_MIO_17_DRIVE_STRENGTH" value="4"/>
		<user_parameter name="CONFIG.PSU_MIO_18_DRIVE_STRENGTH" value="4"/>
		<user_parameter name="CONFIG.PSU_MIO_19_DRIVE_STRENGTH" value="4"/>		
		<user_parameter name="CONFIG.PSU_MIO_20_DRIVE_STRENGTH" value="4"/>
		<user_parameter name="CONFIG.PSU_MIO_21_DRIVE_STRENGTH" value="4"/>
		<user_parameter name="CONFIG.PSU_MIO_22_DRIVE_STRENGTH" value="4"/>
		<user_parameter name="CONFIG.PSU_MIO_23_DRIVE_STRENGTH" value="4"/>		
		<user_parameter name="CONFIG.PSU_MIO_24_DRIVE_STRENGTH" value="4"/>
		<user_parameter name="CONFIG.PSU_MIO_25_DRIVE_STRENGTH" value="4"/>
		
		<user_parameter name="CONFIG.PSU_MIO_27_DRIVE_STRENGTH" value="4"/>
		<user_parameter name="CONFIG.PSU_MIO_29_DRIVE_STRENGTH" value="4"/>		
		<user_parameter name="CONFIG.PSU_MIO_32_DRIVE_STRENGTH" value="4"/>
		<user_parameter name="CONFIG.PSU_MIO_33_DRIVE_STRENGTH" value="4"/>		
		<user_parameter name="CONFIG.PSU_MIO_34_DRIVE_STRENGTH" value="4"/>
		<user_parameter name="CONFIG.PSU_MIO_35_DRIVE_STRENGTH" value="4"/>
		<user_parameter name="CONFIG.PSU_MIO_36_DRIVE_STRENGTH" value="4"/>
		<user_parameter name="CONFIG.PSU_MIO_38_DRIVE_STRENGTH" value="4"/>
		<user_parameter name="CONFIG.PSU_MIO_39_DRIVE_STRENGTH" value="4"/>
		<user_parameter name="CONFIG.PSU_MIO_40_DRIVE_STRENGTH" value="4"/>
		<user_parameter name="CONFIG.PSU_MIO_41_DRIVE_STRENGTH" value="4"/>	
		<user_parameter name="CONFIG.PSU_MIO_42_DRIVE_STRENGTH" value="4"/>
		<user_parameter name="CONFIG.PSU_MIO_43_DRIVE_STRENGTH" value="4"/>
		<user_parameter name="CONFIG.PSU_MIO_44_DRIVE_STRENGTH" value="4"/>
		<user_parameter name="CONFIG.PSU_MIO_46_DRIVE_STRENGTH" value="4"/>
		<user_parameter name="CONFIG.PSU_MIO_47_DRIVE_STRENGTH" value="4"/>
		<user_parameter name="CONFIG.PSU_MIO_48_DRIVE_STRENGTH" value="4"/>
		<user_parameter name="CONFIG.PSU_MIO_49_DRIVE_STRENGTH" value="4"/>		
		<user_parameter name="CONFIG.PSU_MIO_50_DRIVE_STRENGTH" value="4"/>
		<user_parameter name="CONFIG.PSU_MIO_51_DRIVE_STRENGTH" value="4"/>
		
		<user_parameter name="CONFIG.PSU_MIO_54_DRIVE_STRENGTH" value="4"/>
		<user_parameter name="CONFIG.PSU_MIO_56_DRIVE_STRENGTH" value="4"/>
		<user_parameter name="CONFIG.PSU_MIO_57_DRIVE_STRENGTH" value="4"/>
		<user_parameter name="CONFIG.PSU_MIO_58_DRIVE_STRENGTH" value="4"/>
		<user_parameter name="CONFIG.PSU_MIO_59_DRIVE_STRENGTH" value="4"/>		
		<user_parameter name="CONFIG.PSU_MIO_60_DRIVE_STRENGTH" value="4"/>
		<user_parameter name="CONFIG.PSU_MIO_61_DRIVE_STRENGTH" value="4"/>
		<user_parameter name="CONFIG.PSU_MIO_62_DRIVE_STRENGTH" value="4"/>
		<user_parameter name="CONFIG.PSU_MIO_63_DRIVE_STRENGTH" value="4"/>		
		<user_parameter name="CONFIG.PSU_MIO_64_DRIVE_STRENGTH" value="4"/>
		<user_parameter name="CONFIG.PSU_MIO_65_DRIVE_STRENGTH" value="4"/>
		<user_parameter name="CONFIG.PSU_MIO_66_DRIVE_STRENGTH" value="4"/>
		<user_parameter name="CONFIG.PSU_MIO_67_DRIVE_STRENGTH" value="4"/>	
		<user_parameter name="CONFIG.PSU_MIO_68_DRIVE_STRENGTH" value="4"/>
		<user_parameter name="CONFIG.PSU_MIO_69_DRIVE_STRENGTH" value="4"/>
		<user_parameter name="CONFIG.PSU_MIO_70_DRIVE_STRENGTH" value="4"/>	
		<user_parameter name="CONFIG.PSU_MIO_71_DRIVE_STRENGTH" value="4"/>
		<user_parameter name="CONFIG.PSU_MIO_72_DRIVE_STRENGTH" value="4"/>	
		<user_parameter name="CONFIG.PSU_MIO_73_DRIVE_STRENGTH" value="4"/>
		<user_parameter name="CONFIG.PSU_MIO_74_DRIVE_STRENGTH" value="4"/>	
		<user_parameter name="CONFIG.PSU_MIO_75_DRIVE_STRENGTH" value="4"/>
		<user_parameter name="CONFIG.PSU_MIO_76_DRIVE_STRENGTH" value="4"/>
		<user_parameter name="CONFIG.PSU_MIO_77_DRIVE_STRENGTH" value="4"/>		

		<user_parameter name="CONFIG.PSU_MIO_0_SLEW" value="slow"/>			
		<user_parameter name="CONFIG.PSU_MIO_1_SLEW" value="slow"/>	
		<user_parameter name="CONFIG.PSU_MIO_2_SLEW" value="slow"/>			
		<user_parameter name="CONFIG.PSU_MIO_3_SLEW" value="slow"/>		
		<user_parameter name="CONFIG.PSU_MIO_4_SLEW" value="slow"/>			
		<user_parameter name="CONFIG.PSU_MIO_5_SLEW" value="slow"/>	
		<user_parameter name="CONFIG.PSU_MIO_6_SLEW" value="slow"/>			
		<user_parameter name="CONFIG.PSU_MIO_7_SLEW" value="slow"/>	
		<user_parameter name="CONFIG.PSU_MIO_8_SLEW" value="slow"/>			
		<user_parameter name="CONFIG.PSU_MIO_9_SLEW" value="slow"/>	
		<user_parameter name="CONFIG.PSU_MIO_10_SLEW" value="slow"/>			
		<user_parameter name="CONFIG.PSU_MIO_11_SLEW" value="slow"/>		
		<user_parameter name="CONFIG.PSU_MIO_12_SLEW" value="slow"/>			
		<user_parameter name="CONFIG.PSU_MIO_13_SLEW" value="slow"/>	
		<user_parameter name="CONFIG.PSU_MIO_14_SLEW" value="slow"/>			
		<user_parameter name="CONFIG.PSU_MIO_15_SLEW" value="slow"/>		
		<user_parameter name="CONFIG.PSU_MIO_16_SLEW" value="slow"/>			
		<user_parameter name="CONFIG.PSU_MIO_17_SLEW" value="slow"/>	
		<user_parameter name="CONFIG.PSU_MIO_18_SLEW" value="slow"/>			
		<user_parameter name="CONFIG.PSU_MIO_19_SLEW" value="slow"/>		
		<user_parameter name="CONFIG.PSU_MIO_20_SLEW" value="slow"/>			
		<user_parameter name="CONFIG.PSU_MIO_21_SLEW" value="slow"/>	
		<user_parameter name="CONFIG.PSU_MIO_22_SLEW" value="slow"/>			
		<user_parameter name="CONFIG.PSU_MIO_23_SLEW" value="slow"/>	
		<user_parameter name="CONFIG.PSU_MIO_24_SLEW" value="slow"/>			
		<user_parameter name="CONFIG.PSU_MIO_25_SLEW" value="slow"/>	
		<user_parameter name="CONFIG.PSU_MIO_27_SLEW" value="slow"/>		
		<user_parameter name="CONFIG.PSU_MIO_29_SLEW" value="slow"/>	
		<user_parameter name="CONFIG.PSU_MIO_32_SLEW" value="slow"/>			
		<user_parameter name="CONFIG.PSU_MIO_33_SLEW" value="slow"/>	
		<user_parameter name="CONFIG.PSU_MIO_34_SLEW" value="slow"/>			
		<user_parameter name="CONFIG.PSU_MIO_35_SLEW" value="slow"/>		
		<user_parameter name="CONFIG.PSU_MIO_36_SLEW" value="slow"/>			
		<user_parameter name="CONFIG.PSU_MIO_38_SLEW" value="slow"/>			
		<user_parameter name="CONFIG.PSU_MIO_39_SLEW" value="slow"/>	
		<user_parameter name="CONFIG.PSU_MIO_40_SLEW" value="slow"/>			
		<user_parameter name="CONFIG.PSU_MIO_41_SLEW" value="slow"/>	
		<user_parameter name="CONFIG.PSU_MIO_42_SLEW" value="slow"/>			
		<user_parameter name="CONFIG.PSU_MIO_43_SLEW" value="slow"/>		
		<user_parameter name="CONFIG.PSU_MIO_44_SLEW" value="slow"/>			
		<user_parameter name="CONFIG.PSU_MIO_46_SLEW" value="slow"/>			
		<user_parameter name="CONFIG.PSU_MIO_47_SLEW" value="slow"/>	
		<user_parameter name="CONFIG.PSU_MIO_48_SLEW" value="slow"/>			
		<user_parameter name="CONFIG.PSU_MIO_49_SLEW" value="slow"/>	
		<user_parameter name="CONFIG.PSU_MIO_50_SLEW" value="slow"/>			
		<user_parameter name="CONFIG.PSU_MIO_51_SLEW" value="slow"/>		
		<user_parameter name="CONFIG.PSU_MIO_54_SLEW" value="slow"/>			
		<user_parameter name="CONFIG.PSU_MIO_56_SLEW" value="slow"/>			
		<user_parameter name="CONFIG.PSU_MIO_57_SLEW" value="slow"/>	
		<user_parameter name="CONFIG.PSU_MIO_58_SLEW" value="slow"/>			
		<user_parameter name="CONFIG.PSU_MIO_59_SLEW" value="slow"/>		
		<user_parameter name="CONFIG.PSU_MIO_60_SLEW" value="slow"/>			
		<user_parameter name="CONFIG.PSU_MIO_61_SLEW" value="slow"/>	
		<user_parameter name="CONFIG.PSU_MIO_62_SLEW" value="slow"/>			
		<user_parameter name="CONFIG.PSU_MIO_63_SLEW" value="slow"/>	
		<user_parameter name="CONFIG.PSU_MIO_64_SLEW" value="slow"/>			
		<user_parameter name="CONFIG.PSU_MIO_65_SLEW" value="slow"/>	
		<user_parameter name="CONFIG.PSU_MIO_66_SLEW" value="slow"/>			
		<user_parameter name="CONFIG.PSU_MIO_67_SLEW" value="slow"/>		
		<user_parameter name="CONFIG.PSU_MIO_68_SLEW" value="slow"/>			
		<user_parameter name="CONFIG.PSU_MIO_69_SLEW" value="slow"/>
		<user_parameter name="CONFIG.PSU_MIO_70_SLEW" value="slow"/>	
		<user_parameter name="CONFIG.PSU_MIO_71_SLEW" value="slow"/>
		<user_parameter name="CONFIG.PSU_MIO_72_SLEW" value="slow"/>	
		<user_parameter name="CONFIG.PSU_MIO_73_SLEW" value="slow"/>
		<user_parameter name="CONFIG.PSU_MIO_74_SLEW" value="slow"/>	
		<user_parameter name="CONFIG.PSU_MIO_75_SLEW" value="slow"/>
		<user_parameter name="CONFIG.PSU_MIO_76_SLEW" value="slow"/>	
		<user_parameter name="CONFIG.PSU_MIO_77_SLEW" value="slow"/>	

		<user_parameter name="CONFIG.PSU__DDRC__VREF" value="1"/>
		<user_parameter name="CONFIG.PSU__DDRC__ECC" value="Disabled"/>
		<user_parameter name="CONFIG.PSU__DDRC__BUS_WIDTH" value="64 Bit"/>
		<user_parameter name="CONFIG.PSU__DDRC__DRAM_WIDTH" value="16 Bits"/>
		<user_parameter name="CONFIG.PSU__DDRC__MEMORY_TYPE" value="DDR 4"/>
		<user_parameter name="CONFIG.PSU__DDRC__COMPONENTS" value="Components"/>
		<user_parameter name="CONFIG.PSU__DDRC__SPEED_BIN" value="DDR4_2400R"/>
		<user_parameter name="CONFIG.PSU__DDRC__DEVICE_CAPACITY" value="8192 MBits"/>
		<user_parameter name="CONFIG.PSU__DDRC__RANK_ADDR_COUNT" value="0"/>
		<user_parameter name="CONFIG.PSU__DDRC__BG_ADDR_COUNT" value="1"/>
		<user_parameter name="CONFIG.PSU__DDRC__BANK_ADDR_COUNT" value="2"/>
		<user_parameter name="CONFIG.PSU__DDRC__ROW_ADDR_COUNT" value="16"/>
		<user_parameter name="CONFIG.PSU__DDRC__COL_ADDR_COUNT" value="10"/>
		<user_parameter name="CONFIG.PSU__DDRC__CL" value="16"/>
		<user_parameter name="CONFIG.PSU__DDRC__CWL" value="14"/>
		<user_parameter name="CONFIG.PSU__DDRC__T_RCD" value="16"/>
		<user_parameter name="CONFIG.PSU__DDRC__T_RP" value="16"/>
		<user_parameter name="CONFIG.PSU__DDRC__T_RC" value="47.06"/>
		<user_parameter name="CONFIG.PSU__DDRC__T_RAS_MIN" value="33"/>
		<user_parameter name="CONFIG.PSU__DDRC__T_FAW" value="30.0"/>
		<user_parameter name="CONFIG.PSU__DDRC__DDR4_T_REF_MODE" value="0"/>
		<user_parameter name="CONFIG.PSU__DDRC__DDR4_T_REF_RANGE" value="Normal (0-85)"/>
		<user_parameter name="CONFIG.PSU__DDRC__PHY_DBI_MODE" value="0"/>
		<user_parameter name="CONFIG.PSU__DDRC__PARITY_ENABLE" value="0"/>
		<user_parameter name="CONFIG.PSU__DDRC__CLOCK_STOP_EN" value="0"/>
		<user_parameter name="CONFIG.PSU__DDRC__DDR4_CAL_MODE_ENABLE" value="0"/>
		<user_parameter name="CONFIG.PSU__DDRC__DDR4_CRC_CONTROL" value="0"/>
		<user_parameter name="CONFIG.PSU__DDRC__TRAIN_DATA_EYE" value="1"/>
		<user_parameter name="CONFIG.PSU__DDRC__TRAIN_READ_GATE" value="1"/>
		<user_parameter name="CONFIG.PSU__DDRC__TRAIN_WRITE_LEVEL" value="1"/>
		<user_parameter name="CONFIG.PSU__DDRC__DDR4_ADDR_MAPPING" value="0"/>
		<user_parameter name="CONFIG.PSU__DDRC__BRC_MAPPING" value="ROW_BANK_COL"/>
		<user_parameter name="CONFIG.PSU__DDRC__DM_DBI" value="DM_NO_DBI"/>
		<user_parameter name="CONFIG.PSU__DDRC__PER_BANK_REFRESH" value="0"/>
		<user_parameter name="CONFIG.PSU__DDRC__FGRM" value="1X"/>
		<user_parameter name="CONFIG.PSU__DDRC__LP_ASR" value="manual normal"/>
		<user_parameter name="CONFIG.PSU__DDRC__DIMM_ADDR_MIRROR" value="0"/>
		<user_parameter name="CONFIG.PSU__DDRC__STATIC_RD_MODE" value="0"/>
		<user_parameter name="CONFIG.PSU__DDRC__SELF_REF_ABORT" value="0"/>
		
		<user_parameter name="CONFIG.PSU__PSS_REF_CLK__FREQMHZ" value="33.333"/>		
		<user_parameter name="CONFIG.PSU__OVERRIDE__BASIC_CLOCK" value="0"/>
		<user_parameter name="CONFIG.PSU__CRF_APB__APLL_CTRL__SRCSEL" value="PSS_REF_CLK"/>
		<user_parameter name="CONFIG.PSU__CRF_APB__DPLL_CTRL__SRCSEL" value="PSS_REF_CLK"/>
		<user_parameter name="CONFIG.PSU__CRF_APB__VPLL_CTRL__SRCSEL" value="PSS_REF_CLK"/>
		<user_parameter name="CONFIG.PSU__CRL_APB__IOPLL_CTRL__SRCSEL" value="PSS_REF_CLK"/>
		<user_parameter name="CONFIG.PSU__CRL_APB__RPLL_CTRL__SRCSEL" value="PSS_REF_CLK"/>	
		
		<user_parameter name="CONFIG.PSU__CRF_APB__DDR_CTRL__SRCSEL" value="DPLL"/>
		<user_parameter name="CONFIG.PSU__CRF_APB__DDR_CTRL__FREQMHZ" value="1200"/>	
		
		<user_parameter name="CONFIG.PSU__CRL_APB__CPU_R5_CTRL__SRCSEL" value= "RPLL" />
		<user_parameter name="CONFIG.PSU__CRL_APB__CPU_R5_CTRL__FREQMHZ" value= "533.333" />
		
		<user_parameter name="CONFIG.PSU__CRF_APB__ACPU_CTRL__SRCSEL" value="APLL"/>
		<user_parameter name="CONFIG.PSU__CRF_APB__ACPU__FRAC_ENABLED" value= "1" />
		<user_parameter name="CONFIG.PSU__CRF_APB__ACPU_CTRL__FREQMHZ" value= "1333.333" />	

		<user_parameter name="CONFIG.PSU__CRF_APB__GPU_REF_CTRL__SRCSEL" value="IOPLL"/>		
		<user_parameter name="CONFIG.PSU__CRF_APB__GPU_REF_CTRL__FREQMHZ" value= "600" />	

		<user_parameter name="CONFIG.PSU__SWDT0__PERIPHERAL__ENABLE" value="1"/>
		<user_parameter name="CONFIG.PSU__SWDT1__PERIPHERAL__ENABLE" value="1"/>
		<user_parameter name="CONFIG.PSU__TTC0__PERIPHERAL__ENABLE" value="1"/>
		<user_parameter name="CONFIG.PSU__IOU_SLCR__IOU_TTC_APB_CLK__TTC0_SEL" value="APB"/>
		<user_parameter name="CONFIG.PSU__TTC1__PERIPHERAL__ENABLE" value="1"/>
		<user_parameter name="CONFIG.PSU__IOU_SLCR__IOU_TTC_APB_CLK__TTC1_SEL" value="APB"/>
		<user_parameter name="CONFIG.PSU__TTC2__PERIPHERAL__ENABLE" value="1"/>
		<user_parameter name="CONFIG.PSU__IOU_SLCR__IOU_TTC_APB_CLK__TTC2_SEL" value="APB"/>
		<user_parameter name="CONFIG.PSU__TTC3__PERIPHERAL__ENABLE" value="1"/>
		<user_parameter name="CONFIG.PSU__IOU_SLCR__IOU_TTC_APB_CLK__TTC3_SEL" value="APB"/>		
	
		<user_parameter name="CONFIG.PSU__FPGA_PL0_ENABLE" value="1"/>
		<user_parameter name="CONFIG.PSU__CRL_APB__PL0_REF_CTRL__SRCSEL" value="IOPLL"/>
		<user_parameter name="CONFIG.PSU__CRL_APB__PL0_REF_CTRL__FREQMHZ" value="100"/>
		<user_parameter name="CONFIG.PSU__FPGA_PL1_ENABLE" value="1"/>
		<user_parameter name="CONFIG.PSU__CRL_APB__PL1_REF_CTRL__SRCSEL" value="IOPLL"/>
		<user_parameter name="CONFIG.PSU__CRL_APB__PL1_REF_CTRL__FREQMHZ" value="100"/>	
		
		<user_parameter name="CONFIG.PSU__CRL_APB__DBG_LPD_CTRL__SRCSEL" value="IOPLL"/>
		<user_parameter name="CONFIG.PSU__CRL_APB__DBG_LPD_CTRL__FREQMHZ" value="250"/>
		<user_parameter name="CONFIG.PSU__CRF_APB__DBG_FPD_CTRL__SRCSEL" value="IOPLL"/>
		<user_parameter name="CONFIG.PSU__CRF_APB__DBG_FPD_CTRL__FREQMHZ" value="250"/>
		<user_parameter name="CONFIG.PSU__CRF_APB__DBG_TRACE_CTRL__SRCSEL" value="IOPLL"/>
		<user_parameter name="CONFIG.PSU__CRF_APB__DBG_TRACE_CTRL__FREQMHZ" value="250"/>
		<user_parameter name="CONFIG.PSU__CRF_APB__DBG_TSTMP_CTRL__SRCSEL" value="IOPLL"/>
		<user_parameter name="CONFIG.PSU__CRF_APB__DBG_TSTMP_CTRL__FREQMHZ" value="250"/>
		
		<user_parameter name="CONFIG.PSU__CRL_APB__IOU_SWITCH_CTRL__SRCSEL" value="IOPLL"/>
		<user_parameter name="CONFIG.PSU__CRL_APB__IOU_SWITCH_CTRL__FREQMHZ" value="250"/>
		<user_parameter name="CONFIG.PSU__CRL_APB__LPD_SWITCH_CTRL__SRCSEL" value="IOPLL"/>
		<user_parameter name="CONFIG.PSU__CRL_APB__LPD_SWITCH_CTRL__FREQMHZ" value="500"/>
		<user_parameter name="CONFIG.PSU__CRL_APB__LPD_LSBUS_CTRL__SRCSEL" value="IOPLL"/>
		<user_parameter name="CONFIG.PSU__CRL_APB__LPD_LSBUS_CTRL__FREQMHZ" value="100"/>
		<user_parameter name="CONFIG.PSU__CRL_APB__TIMESTAMP_REF_CTRL__SRCSEL" value="IOPLL"/>
		<user_parameter name="CONFIG.PSU__CRL_APB__TIMESTAMP_REF_CTRL__FREQMHZ" value="100"/>		
		<user_parameter name="CONFIG.PSU__CRL_APB__PCAP_CTRL__SRCSEL" value="IOPLL"/>
		<user_parameter name="CONFIG.PSU__CRL_APB__PCAP_CTRL__FREQMHZ" value="200"/>
		
		<user_parameter name="CONFIG.PSU__CRL_APB__ADMA_REF_CTRL__SRCSEL" value="IOPLL"/>
		<user_parameter name="CONFIG.PSU__CRL_APB__ADMA_REF_CTRL__FREQMHZ" value="500"/>
		
		<user_parameter name="CONFIG.PSU__CRF_APB__DPDMA_REF_CTRL__SRCSEL" value="APLL"/>	
		<user_parameter name="CONFIG.PSU__CRF_APB__DPDMA_REF_CTRL__FREQMHZ" value="600"/>

		<user_parameter name="CONFIG.PSU__CRF_APB__GDMA_REF_CTRL__SRCSEL" value= "DPLL" />		
		<user_parameter name="CONFIG.PSU__CRF_APB__GDMA_REF_CTRL__FREQMHZ" value="600"/>

		<user_parameter name="CONFIG.PSU__CRF_APB__TOPSW_MAIN_CTRL__SRCSEL" value="DPLL"/>
		<user_parameter name="CONFIG.PSU__CRF_APB__TOPSW_MAIN_CTRL__FREQMHZ" value="533.33"/>
		
		<user_parameter name="CONFIG.PSU__CRF_APB__TOPSW_LSBUS_CTRL__SRCSEL" value="IOPLL"/>		
		<user_parameter name="CONFIG.PSU__CRF_APB__TOPSW_LSBUS_CTRL__FREQMHZ" value="100"/>
		
	
		<!-- <user_parameter name="CONFIG.PSU__DP__REF_CLK_FREQ" value="27"/> -->
		<!-- <user_parameter name="CONFIG.PSU__DP__REF_CLK_SEL" value="Ref Clk0"/> -->
		<!-- <user_parameter name="CONFIG.PSU__SATA__REF_CLK_SEL" value="Ref Clk2"/> -->
		<!-- <user_parameter name="CONFIG.PSU__USB0__REF_CLK_SEL" value="Ref Clk1"/> -->
		<!-- <user_parameter name="CONFIG.PSU__SATA__REF_CLK_FREQ" value="125"/> -->
		<!-- <user_parameter name="CONFIG.PSU__USB0__REF_CLK_FREQ" value="26"/> -->
		<!-- <user_parameter name="CONFIG.PSU__CRL_APB__UART1_REF_CTRL__SRCSEL" value="IOPLL"/> -->
		<!-- <user_parameter name="CONFIG.PSU__CRL_APB__UART1_REF_CTRL__FREQMHZ" value="100"/> -->	
		<!-- <user_parameter name="CONFIG.PSU__CRL_APB__USB0_BUS_REF_CTRL__SRCSEL" value="IOPLL"/> -->
		<!-- <user_parameter name="CONFIG.PSU__CRL_APB__USB0_BUS_REF_CTRL__FREQMHZ" value="250"/> -->
		<!-- <user_parameter name="CONFIG.PSU__CRL_APB__USB3_DUAL_REF_CTRL__SRCSEL" value="IOPLL"/> -->
		<!-- <user_parameter name="CONFIG.PSU__CRL_APB__USB3_DUAL_REF_CTRL__FREQMHZ" value="20"/> -->	
		<!-- <user_parameter name="CONFIG.PSU__CRF_APB__DP_VIDEO_REF_CTRL__SRCSEL" value="VPLL"/> -->
		<!-- <user_parameter name="CONFIG.PSU__CRF_APB__DP_STC_REF_CTRL__SRCSEL" value="RPLL"/> -->
		<!-- <user_parameter name="CONFIG.PSU__CRF_APB__DP_AUDIO_REF_CTRL__SRCSEL" value="RPLL"/> -->	
		<!-- <user_parameter name="CONFIG.PSU__CRL_APB__I2C1_REF_CTRL__SRCSEL" value="IOPLL"/> -->
		<!-- <user_parameter name="CONFIG.PSU__CRL_APB__I2C1_REF_CTRL__FREQMHZ" value="100"/>		 -->
		<!-- <user_parameter name="CONFIG.PSU__CRF_APB__PCIE_REF_CTRL__SRCSEL" value="IOPLL"/> -->
		<!-- <user_parameter name="CONFIG.PSU__CRF_APB__PCIE_REF_CTRL__FREQMHZ" value="250"/> -->
		<!-- <user_parameter name="CONFIG.PSU__CRF_APB__SATA_REF_CTRL__SRCSEL" value="IOPLL"/> -->
		<!-- <user_parameter name="CONFIG.PSU__CRF_APB__SATA_REF_CTRL__FREQMHZ" value="250"/>		 -->
		<!-- <user_parameter name="CONFIG.PSU__CRL_APB__SDIO1_REF_CTRL__SRCSEL" value="IOPLL"/> -->
		<!-- <user_parameter name="CONFIG.PSU__CRL_APB__SDIO1_REF_CTRL__FREQMHZ" value="200"/>				 -->
		<!-- <user_parameter name="CONFIG.PSU__CRL_APB__I2C0_REF_CTRL__SRCSEL" value="IOPLL"/> -->
		<!-- <user_parameter name="CONFIG.PSU__CRL_APB__I2C0_REF_CTRL__FREQMHZ" value="100"/> -->
		<!-- <user_parameter name="CONFIG.PSU__CRL_APB__CAN1_REF_CTRL__SRCSEL" value="IOPLL"/> -->
		<!-- <user_parameter name="CONFIG.PSU__CRL_APB__CAN1_REF_CTRL__FREQMHZ" value="100"/>		 -->
		<!-- <user_parameter name="CONFIG.PSU__CRL_APB__UART0_REF_CTRL__SRCSEL" value="IOPLL"/> -->
		<!-- <user_parameter name="CONFIG.PSU__CRL_APB__UART0_REF_CTRL__FREQMHZ" value="100"/>			 -->		
		<!-- <user_parameter name="CONFIG.PSU__CRL_APB__GEM3_REF_CTRL__SRCSEL" value="IOPLL"/> -->
		<!-- <user_parameter name="CONFIG.PSU__CRL_APB__GEM3_REF_CTRL__FREQMHZ" value="125"/>		 -->

	</user_parameters>
   </ip>
   </ip_preset>
 

</ip_presets>
