{
  "config": {
    "items": [
      {
        "infra": {
          "name": "kr260_som", 
          "display": "Kria KR260 Robotics Starter Kit", 
          "revision": "1.0", 
          "description": "Kria KR260 Robotics Starter Kit", 
          "company": "xilinx.com", 
          "company_display": "Xilinx", 
          "author": "Vanitha", 
          "contributors": [
            {
              "group": "Xilinx", 
              "url": "www.xilinx.com"
            }
          ], 
          "category": "System On Modules(SOM)",
          "logo": "k26c_board.jpeg",
          "website": "www.xilinx.com/SOM", 
          "search-keywords": [
            "SOM", 
            "xilinx.com", 
            "board", 
            "System On Modules(SOM)"
          ]
        }
      }
    ]
  }, 
  "_major": 1, 
  "_minor": 0
}
